encoder_key,resolution,seed,weights_compactness,weights_purity,weights_alignment,class_k,reliability_power,validation_accuracy,validation_nll
siglip2_b16_384,384,7,1.0,0.0,0.0,1,0.0,0.9404545454545454,0.605507270878939
siglip2_b16_384,384,7,1.0,0.0,0.0,1,0.5,0.9390909090909091,0.606155003536153
siglip2_b16_384,384,7,1.0,0.0,0.0,1,1.0,0.9386363636363636,0.6070245239869012
siglip2_b16_384,384,7,1.0,0.0,0.0,1,2.0,0.9359090909090909,0.6094340961687217
siglip2_b16_384,384,7,1.0,0.0,0.0,3,0.0,0.9481818181818182,0.6327085080228225
siglip2_b16_384,384,7,1.0,0.0,0.0,3,0.5,0.9477272727272728,0.6334097972426245
siglip2_b16_384,384,7,1.0,0.0,0.0,3,1.0,0.9459090909090909,0.6342727884483603
siglip2_b16_384,384,7,1.0,0.0,0.0,3,2.0,0.9445454545454546,0.6364879196430601
siglip2_b16_384,384,7,1.0,0.0,0.0,5,0.0,0.9518181818181818,0.6583271479904116
siglip2_b16_384,384,7,1.0,0.0,0.0,5,0.5,0.9509090909090909,0.6590107959933196
siglip2_b16_384,384,7,1.0,0.0,0.0,5,1.0,0.9509090909090909,0.6598426149973908
siglip2_b16_384,384,7,1.0,0.0,0.0,5,2.0,0.9486363636363636,0.6619528536202798
siglip2_b16_384,384,7,1.0,0.0,0.0,10,0.0,0.9495454545454546,0.7062846001646259
siglip2_b16_384,384,7,1.0,0.0,0.0,10,0.5,0.9504545454545454,0.7069513228009644
siglip2_b16_384,384,7,1.0,0.0,0.0,10,1.0,0.9495454545454546,0.7077538583667118
siglip2_b16_384,384,7,1.0,0.0,0.0,10,2.0,0.9440909090909091,0.7097666532628123
siglip2_b16_384,384,7,0.0,1.0,0.0,1,0.0,0.9404545454545454,0.605507270878939
siglip2_b16_384,384,7,0.0,1.0,0.0,1,0.5,0.9340909090909091,0.5728217569616276
siglip2_b16_384,384,7,0.0,1.0,0.0,1,1.0,0.9268181818181818,0.5627057615009365
siglip2_b16_384,384,7,0.0,1.0,0.0,1,2.0,0.9195454545454546,0.5739758436424808
siglip2_b16_384,384,7,0.0,1.0,0.0,3,0.0,0.9481818181818182,0.6327085080228225
siglip2_b16_384,384,7,0.0,1.0,0.0,3,0.5,0.9427272727272727,0.6080475128638019
siglip2_b16_384,384,7,0.0,1.0,0.0,3,1.0,0.9386363636363636,0.5973533588953854
siglip2_b16_384,384,7,0.0,1.0,0.0,3,2.0,0.9331818181818182,0.5918927996113106
siglip2_b16_384,384,7,0.0,1.0,0.0,5,0.0,0.9518181818181818,0.6583271479904116
siglip2_b16_384,384,7,0.0,1.0,0.0,5,0.5,0.9472727272727273,0.6370842551485653
siglip2_b16_384,384,7,0.0,1.0,0.0,5,1.0,0.9440909090909091,0.6271829742429536
siglip2_b16_384,384,7,0.0,1.0,0.0,5,2.0,0.9381818181818182,0.6204783367078687
siglip2_b16_384,384,7,0.0,1.0,0.0,10,0.0,0.9495454545454546,0.7062846001646259
siglip2_b16_384,384,7,0.0,1.0,0.0,10,0.5,0.9468181818181818,0.6887452196478268
siglip2_b16_384,384,7,0.0,1.0,0.0,10,1.0,0.9440909090909091,0.6803300351387618
siglip2_b16_384,384,7,0.0,1.0,0.0,10,2.0,0.9386363636363636,0.6741151571379448
siglip2_b16_384,384,7,0.0,0.0,1.0,1,0.0,0.9404545454545454,0.605507270878939
siglip2_b16_384,384,7,0.0,0.0,1.0,1,0.5,0.94,0.604845609795032
siglip2_b16_384,384,7,0.0,0.0,1.0,1,1.0,0.9404545454545454,0.6042349808461163
siglip2_b16_384,384,7,0.0,0.0,1.0,1,2.0,0.9404545454545454,0.6031668254602065
siglip2_b16_384,384,7,0.0,0.0,1.0,3,0.0,0.9481818181818182,0.6327085080228225
siglip2_b16_384,384,7,0.0,0.0,1.0,3,0.5,0.9486363636363636,0.6321818440416963
siglip2_b16_384,384,7,0.0,0.0,1.0,3,1.0,0.9481818181818182,0.631695330758852
siglip2_b16_384,384,7,0.0,0.0,1.0,3,2.0,0.9490909090909091,0.6308431237452443
siglip2_b16_384,384,7,0.0,0.0,1.0,5,0.0,0.9518181818181818,0.6583271479904116
siglip2_b16_384,384,7,0.0,0.0,1.0,5,0.5,0.9513636363636364,0.6578606182043265
siglip2_b16_384,384,7,0.0,0.0,1.0,5,1.0,0.9509090909090909,0.6574302313623577
siglip2_b16_384,384,7,0.0,0.0,1.0,5,2.0,0.9509090909090909,0.6566782635512979
siglip2_b16_384,384,7,0.0,0.0,1.0,10,0.0,0.9495454545454546,0.7062846001646259
siglip2_b16_384,384,7,0.0,0.0,1.0,10,0.5,0.9504545454545454,0.7058698633378545
siglip2_b16_384,384,7,0.0,0.0,1.0,10,1.0,0.95,0.705487298224456
siglip2_b16_384,384,7,0.0,0.0,1.0,10,2.0,0.9504545454545454,0.7048191748184891
siglip2_b16_384,384,7,0.5,0.5,0.0,1,0.0,0.9404545454545454,0.605507270878939
siglip2_b16_384,384,7,0.5,0.5,0.0,1,0.5,0.9363636363636364,0.5904478736380312
siglip2_b16_384,384,7,0.5,0.5,0.0,1,1.0,0.9336363636363636,0.5796012338754621
siglip2_b16_384,384,7,0.5,0.5,0.0,1,2.0,0.9281818181818182,0.5678620858014776
siglip2_b16_384,384,7,0.5,0.5,0.0,3,0.0,0.9481818181818182,0.6327085080228225
siglip2_b16_384,384,7,0.5,0.5,0.0,3,0.5,0.9454545454545454,0.62169131856514
siglip2_b16_384,384,7,0.5,0.5,0.0,3,1.0,0.9427272727272727,0.6135793395577331
siglip2_b16_384,384,7,0.5,0.5,0.0,3,2.0,0.9395454545454546,0.603790137385211
siglip2_b16_384,384,7,0.5,0.5,0.0,5,0.0,0.9518181818181818,0.6583271479904116
siglip2_b16_384,384,7,0.5,0.5,0.0,5,0.5,0.9486363636363636,0.6489206177537847
siglip2_b16_384,384,7,0.5,0.5,0.0,5,1.0,0.9472727272727273,0.6419309180894581
siglip2_b16_384,384,7,0.5,0.5,0.0,5,2.0,0.9440909090909091,0.6332710255516235
siglip2_b16_384,384,7,0.5,0.5,0.0,10,0.0,0.9495454545454546,0.7062846001646259
siglip2_b16_384,384,7,0.5,0.5,0.0,10,0.5,0.9495454545454546,0.6986061771561303
siglip2_b16_384,384,7,0.5,0.5,0.0,10,1.0,0.9486363636363636,0.6929029563729993
siglip2_b16_384,384,7,0.5,0.5,0.0,10,2.0,0.9436363636363636,0.6858268499848568
siglip2_b16_384,384,7,0.5,0.0,0.5,1,0.0,0.9404545454545454,0.605507270878939
siglip2_b16_384,384,7,0.5,0.0,0.5,1,0.5,0.94,0.6056328534956288
siglip2_b16_384,384,7,0.5,0.0,0.5,1,1.0,0.9390909090909091,0.6058525287581039
siglip2_b16_384,384,7,0.5,0.0,0.5,1,2.0,0.9386363636363636,0.606575094374485
siglip2_b16_384,384,7,0.5,0.0,0.5,3,0.0,0.9481818181818182,0.6327085080228225
siglip2_b16_384,384,7,0.5,0.0,0.5,3,0.5,0.9477272727272728,0.6329244631333893
siglip2_b16_384,384,7,0.5,0.0,0.5,3,1.0,0.9477272727272728,0.6332073544796057
siglip2_b16_384,384,7,0.5,0.0,0.5,3,2.0,0.9454545454545454,0.6339743827581409
siglip2_b16_384,384,7,0.5,0.0,0.5,5,0.0,0.9518181818181818,0.6583271479904116
siglip2_b16_384,384,7,0.5,0.0,0.5,5,0.5,0.9513636363636364,0.6585570858576578
siglip2_b16_384,384,7,0.5,0.0,0.5,5,1.0,0.9509090909090909,0.6588470985885461
siglip2_b16_384,384,7,0.5,0.0,0.5,5,2.0,0.9490909090909091,0.6596074669784336
siglip2_b16_384,384,7,0.5,0.0,0.5,10,0.0,0.9495454545454546,0.7062846001646259
siglip2_b16_384,384,7,0.5,0.0,0.5,10,0.5,0.9495454545454546,0.706524769902371
siglip2_b16_384,384,7,0.5,0.0,0.5,10,1.0,0.9495454545454546,0.7068187337748102
siglip2_b16_384,384,7,0.5,0.0,0.5,10,2.0,0.9486363636363636,0.7075678608546347
siglip2_b16_384,384,7,0.0,0.5,0.5,1,0.0,0.9404545454545454,0.605507270878939
siglip2_b16_384,384,7,0.0,0.5,0.5,1,0.5,0.9363636363636364,0.586058983827142
siglip2_b16_384,384,7,0.0,0.5,0.5,1,1.0,0.935,0.5731238049597618
siglip2_b16_384,384,7,0.0,0.5,0.5,1,2.0,0.9277272727272727,0.5614524636837424
siglip2_b16_384,384,7,0.0,0.5,0.5,3,0.0,0.9481818181818182,0.6327085080228225
siglip2_b16_384,384,7,0.0,0.5,0.5,3,0.5,0.9459090909090909,0.6183013488132678
siglip2_b16_384,384,7,0.0,0.5,0.5,3,1.0,0.9431818181818182,0.6082668044886278
siglip2_b16_384,384,7,0.0,0.5,0.5,3,2.0,0.9390909090909091,0.5969164819952497
siglip2_b16_384,384,7,0.0,0.5,0.5,5,0.0,0.9518181818181818,0.6583271479904116
siglip2_b16_384,384,7,0.0,0.5,0.5,5,0.5,0.9490909090909091,0.6459638307610194
siglip2_b16_384,384,7,0.0,0.5,0.5,5,1.0,0.9477272727272728,0.6371798018373863
siglip2_b16_384,384,7,0.0,0.5,0.5,5,2.0,0.9440909090909091,0.6266879806792822
siglip2_b16_384,384,7,0.0,0.5,0.5,10,0.0,0.9495454545454546,0.7062846001646259
siglip2_b16_384,384,7,0.0,0.5,0.5,10,0.5,0.95,0.6961121419602033
siglip2_b16_384,384,7,0.0,0.5,0.5,10,1.0,0.9477272727272728,0.6888099390465897
siglip2_b16_384,384,7,0.0,0.5,0.5,10,2.0,0.9431818181818182,0.6798585921035628
siglip2_b16_384,384,7,0.35,0.4,0.25,1,0.0,0.9404545454545454,0.605507270878939
siglip2_b16_384,384,7,0.35,0.4,0.25,1,0.5,0.9368181818181818,0.5921170342126487
siglip2_b16_384,384,7,0.35,0.4,0.25,1,1.0,0.9345454545454546,0.5819378381913786
siglip2_b16_384,384,7,0.35,0.4,0.25,1,2.0,0.93,0.5694345417122118
siglip2_b16_384,384,7,0.35,0.4,0.25,3,0.0,0.9481818181818182,0.6327085080228225
siglip2_b16_384,384,7,0.35,0.4,0.25,3,0.5,0.9459090909090909,0.6228969957591345
siglip2_b16_384,384,7,0.35,0.4,0.25,3,1.0,0.9440909090909091,0.6153126401997767
siglip2_b16_384,384,7,0.35,0.4,0.25,3,2.0,0.9418181818181818,0.6052959212137119
siglip2_b16_384,384,7,0.35,0.4,0.25,5,0.0,0.9518181818181818,0.6583271479904116
siglip2_b16_384,384,7,0.35,0.4,0.25,5,0.5,0.9490909090909091,0.6499435636709346
siglip2_b16_384,384,7,0.35,0.4,0.25,5,1.0,0.9477272727272728,0.6434113668430369
siglip2_b16_384,384,7,0.35,0.4,0.25,5,2.0,0.9445454545454546,0.6346013313172257
siglip2_b16_384,384,7,0.35,0.4,0.25,10,0.0,0.9495454545454546,0.7062846001646259
siglip2_b16_384,384,7,0.35,0.4,0.25,10,0.5,0.95,0.6994318388733886
siglip2_b16_384,384,7,0.35,0.4,0.25,10,1.0,0.9486363636363636,0.6940882706421002
siglip2_b16_384,384,7,0.35,0.4,0.25,10,2.0,0.9436363636363636,0.6868542100630124
siglip2_b16_384,384,7,0.45,0.35,0.2,1,0.0,0.9404545454545454,0.605507270878939
siglip2_b16_384,384,7,0.45,0.35,0.2,1,0.5,0.9372727272727273,0.5941981336030697
siglip2_b16_384,384,7,0.45,0.35,0.2,1,1.0,0.9345454545454546,0.5852597762184437
siglip2_b16_384,384,7,0.45,0.35,0.2,1,2.0,0.9318181818181818,0.5733876030973989
siglip2_b16_384,384,7,0.45,0.35,0.2,3,0.0,0.9481818181818182,0.6327085080228225
siglip2_b16_384,384,7,0.45,0.35,0.2,3,0.5,0.9472727272727273,0.6244612206443912
siglip2_b16_384,384,7,0.45,0.35,0.2,3,1.0,0.9454545454545454,0.6178782527140363
siglip2_b16_384,384,7,0.45,0.35,0.2,3,2.0,0.9422727272727273,0.6087392816225555
siglip2_b16_384,384,7,0.45,0.35,0.2,5,0.0,0.9518181818181818,0.6583271479904116
siglip2_b16_384,384,7,0.45,0.35,0.2,5,0.5,0.9495454545454546,0.6512940004647527
siglip2_b16_384,384,7,0.45,0.35,0.2,5,1.0,0.9486363636363636,0.6456538393180367
siglip2_b16_384,384,7,0.45,0.35,0.2,5,2.0,0.9454545454545454,0.6377254858773781
siglip2_b16_384,384,7,0.45,0.35,0.2,10,0.0,0.9495454545454546,0.7062846001646259
siglip2_b16_384,384,7,0.45,0.35,0.2,10,0.5,0.95,0.7005536040510368
siglip2_b16_384,384,7,0.45,0.35,0.2,10,1.0,0.9490909090909091,0.695966964582439
siglip2_b16_384,384,7,0.45,0.35,0.2,10,2.0,0.9445454545454546,0.6895370537802369
siglip2_b16_384,384,17,1.0,0.0,0.0,1,0.0,0.9409090909090909,0.5957371638881889
siglip2_b16_384,384,17,1.0,0.0,0.0,1,0.5,0.9409090909090909,0.5964487015550363
siglip2_b16_384,384,17,1.0,0.0,0.0,1,1.0,0.94,0.5973503622781642
siglip2_b16_384,384,17,1.0,0.0,0.0,1,2.0,0.9372727272727273,0.5997259743107369
siglip2_b16_384,384,17,1.0,0.0,0.0,3,0.0,0.9454545454545454,0.6302852496193596
siglip2_b16_384,384,17,1.0,0.0,0.0,3,0.5,0.9454545454545454,0.631023869570434
siglip2_b16_384,384,17,1.0,0.0,0.0,3,1.0,0.9440909090909091,0.6318983960412073
siglip2_b16_384,384,17,1.0,0.0,0.0,3,2.0,0.9431818181818182,0.6340559462797885
siglip2_b16_384,384,17,1.0,0.0,0.0,5,0.0,0.9468181818181818,0.6587109001675157
siglip2_b16_384,384,17,1.0,0.0,0.0,5,0.5,0.9459090909090909,0.659494404342062
siglip2_b16_384,384,17,1.0,0.0,0.0,5,1.0,0.9463636363636364,0.6604056929676513
siglip2_b16_384,384,17,1.0,0.0,0.0,5,2.0,0.9459090909090909,0.6626121910323541
siglip2_b16_384,384,17,1.0,0.0,0.0,10,0.0,0.9468181818181818,0.7097219518389544
siglip2_b16_384,384,17,1.0,0.0,0.0,10,0.5,0.9463636363636364,0.7105621885094662
siglip2_b16_384,384,17,1.0,0.0,0.0,10,1.0,0.945,0.7115210649443722
siglip2_b16_384,384,17,1.0,0.0,0.0,10,2.0,0.945,0.713794701079197
siglip2_b16_384,384,17,0.0,1.0,0.0,1,0.0,0.9409090909090909,0.5957371638881889
siglip2_b16_384,384,17,0.0,1.0,0.0,1,0.5,0.9409090909090909,0.5684779211933028
siglip2_b16_384,384,17,0.0,1.0,0.0,1,1.0,0.9354545454545454,0.562237920648229
siglip2_b16_384,384,17,0.0,1.0,0.0,1,2.0,0.9240909090909091,0.5773579250689943
siglip2_b16_384,384,17,0.0,1.0,0.0,3,0.0,0.9454545454545454,0.6302852496193596
siglip2_b16_384,384,17,0.0,1.0,0.0,3,0.5,0.9427272727272727,0.6068210073291165
siglip2_b16_384,384,17,0.0,1.0,0.0,3,1.0,0.94,0.5965131480883132
siglip2_b16_384,384,17,0.0,1.0,0.0,3,2.0,0.9259090909090909,0.5908511945670484
siglip2_b16_384,384,17,0.0,1.0,0.0,5,0.0,0.9468181818181818,0.6587109001675157
siglip2_b16_384,384,17,0.0,1.0,0.0,5,0.5,0.9431818181818182,0.6379029727898499
siglip2_b16_384,384,17,0.0,1.0,0.0,5,1.0,0.9386363636363636,0.6284404546186265
siglip2_b16_384,384,17,0.0,1.0,0.0,5,2.0,0.9290909090909091,0.6222773391778792
siglip2_b16_384,384,17,0.0,1.0,0.0,10,0.0,0.9468181818181818,0.7097219518389544
siglip2_b16_384,384,17,0.0,1.0,0.0,10,0.5,0.9427272727272727,0.6928847245690951
siglip2_b16_384,384,17,0.0,1.0,0.0,10,1.0,0.9368181818181818,0.6850712601241513
siglip2_b16_384,384,17,0.0,1.0,0.0,10,2.0,0.93,0.6795325048306484
siglip2_b16_384,384,17,0.0,0.0,1.0,1,0.0,0.9409090909090909,0.5957371638881889
siglip2_b16_384,384,17,0.0,0.0,1.0,1,0.5,0.9409090909090909,0.5952225069760985
siglip2_b16_384,384,17,0.0,0.0,1.0,1,1.0,0.9413636363636364,0.5947569316807081
siglip2_b16_384,384,17,0.0,0.0,1.0,1,2.0,0.9413636363636364,0.5939731617465211
siglip2_b16_384,384,17,0.0,0.0,1.0,3,0.0,0.9454545454545454,0.6302852496193596
siglip2_b16_384,384,17,0.0,0.0,1.0,3,0.5,0.9459090909090909,0.6298729235022422
siglip2_b16_384,384,17,0.0,0.0,1.0,3,1.0,0.9454545454545454,0.6294997503998773
siglip2_b16_384,384,17,0.0,0.0,1.0,3,2.0,0.9463636363636364,0.6288711278078664
siglip2_b16_384,384,17,0.0,0.0,1.0,5,0.0,0.9468181818181818,0.6587109001675157
siglip2_b16_384,384,17,0.0,0.0,1.0,5,0.5,0.9463636363636364,0.6583548065140676
siglip2_b16_384,384,17,0.0,0.0,1.0,5,1.0,0.9463636363636364,0.6580348807636988
siglip2_b16_384,384,17,0.0,0.0,1.0,5,2.0,0.9468181818181818,0.6575038725675021
siglip2_b16_384,384,17,0.0,0.0,1.0,10,0.0,0.9468181818181818,0.7097219518389544
siglip2_b16_384,384,17,0.0,0.0,1.0,10,0.5,0.9472727272727273,0.7093846214756107
siglip2_b16_384,384,17,0.0,0.0,1.0,10,1.0,0.9481818181818182,0.7090805355652287
siglip2_b16_384,384,17,0.0,0.0,1.0,10,2.0,0.9477272727272728,0.708572533585524
siglip2_b16_384,384,17,0.5,0.5,0.0,1,0.0,0.9409090909090909,0.5957371638881889
siglip2_b16_384,384,17,0.5,0.5,0.0,1,0.5,0.9436363636363636,0.5825338293916996
siglip2_b16_384,384,17,0.5,0.5,0.0,1,1.0,0.9409090909090909,0.5731860063113245
siglip2_b16_384,384,17,0.5,0.5,0.0,1,2.0,0.9336363636363636,0.563650879653337
siglip2_b16_384,384,17,0.5,0.5,0.0,3,0.0,0.9454545454545454,0.6302852496193596
siglip2_b16_384,384,17,0.5,0.5,0.0,3,0.5,0.9454545454545454,0.6196253360381375
siglip2_b16_384,384,17,0.5,0.5,0.0,3,1.0,0.9436363636363636,0.6118142355389715
siglip2_b16_384,384,17,0.5,0.5,0.0,3,2.0,0.94,0.6025169932175057
siglip2_b16_384,384,17,0.5,0.5,0.0,5,0.0,0.9468181818181818,0.6587109001675157
siglip2_b16_384,384,17,0.5,0.5,0.0,5,0.5,0.945,0.6493856277709981
siglip2_b16_384,384,17,0.5,0.5,0.0,5,1.0,0.9427272727272727,0.6425415407731573
siglip2_b16_384,384,17,0.5,0.5,0.0,5,2.0,0.9381818181818182,0.6343117097613918
siglip2_b16_384,384,17,0.5,0.5,0.0,10,0.0,0.9468181818181818,0.7097219518389544
siglip2_b16_384,384,17,0.5,0.5,0.0,10,0.5,0.9440909090909091,0.7023022353645207
siglip2_b16_384,384,17,0.5,0.5,0.0,10,1.0,0.9427272727272727,0.6968889174532746
siglip2_b16_384,384,17,0.5,0.5,0.0,10,2.0,0.9354545454545454,0.6904474586112574
siglip2_b16_384,384,17,0.5,0.0,0.5,1,0.0,0.9409090909090909,0.5957371638881889
siglip2_b16_384,384,17,0.5,0.0,0.5,1,0.5,0.9418181818181818,0.5959542574878279
siglip2_b16_384,384,17,0.5,0.0,0.5,1,1.0,0.9409090909090909,0.596249225602939
siglip2_b16_384,384,17,0.5,0.0,0.5,1,2.0,0.9390909090909091,0.5970725020819515
siglip2_b16_384,384,17,0.5,0.0,0.5,3,0.0,0.9454545454545454,0.6302852496193596
siglip2_b16_384,384,17,0.5,0.0,0.5,3,0.5,0.945,0.6305643918856365
siglip2_b16_384,384,17,0.5,0.0,0.5,3,1.0,0.9445454545454546,0.6308981612912911
siglip2_b16_384,384,17,0.5,0.0,0.5,3,2.0,0.9445454545454546,0.6317290592951136
siglip2_b16_384,384,17,0.5,0.0,0.5,5,0.0,0.9468181818181818,0.6587109001675157
siglip2_b16_384,384,17,0.5,0.0,0.5,5,0.5,0.9459090909090909,0.6590407789846352
siglip2_b16_384,384,17,0.5,0.0,0.5,5,1.0,0.9463636363636364,0.6594210536754982
siglip2_b16_384,384,17,0.5,0.0,0.5,5,2.0,0.9463636363636364,0.660332194948916
siglip2_b16_384,384,17,0.5,0.0,0.5,10,0.0,0.9468181818181818,0.7097219518389544
siglip2_b16_384,384,17,0.5,0.0,0.5,10,0.5,0.9472727272727273,0.7100948914600766
siglip2_b16_384,384,17,0.5,0.0,0.5,10,1.0,0.9463636363636364,0.7105139072150174
siglip2_b16_384,384,17,0.5,0.0,0.5,10,2.0,0.9463636363636364,0.7114896477495696
siglip2_b16_384,384,17,0.0,0.5,0.5,1,0.0,0.9409090909090909,0.5957371638881889
siglip2_b16_384,384,17,0.0,0.5,0.5,1,0.5,0.9440909090909091,0.5787435985638835
siglip2_b16_384,384,17,0.0,0.5,0.5,1,1.0,0.9418181818181818,0.5674544089652297
siglip2_b16_384,384,17,0.0,0.5,0.5,1,2.0,0.9318181818181818,0.5573782338650236
siglip2_b16_384,384,17,0.0,0.5,0.5,3,0.0,0.9454545454545454,0.6302852496193596
siglip2_b16_384,384,17,0.0,0.5,0.5,3,0.5,0.9454545454545454,0.6164066544446449
siglip2_b16_384,384,17,0.0,0.5,0.5,3,1.0,0.9418181818181818,0.6066355267357044
siglip2_b16_384,384,17,0.0,0.5,0.5,3,2.0,0.9386363636363636,0.5953057264505803
siglip2_b16_384,384,17,0.0,0.5,0.5,5,0.0,0.9468181818181818,0.6587109001675157
siglip2_b16_384,384,17,0.0,0.5,0.5,5,0.5,0.945,0.6464788971936791
siglip2_b16_384,384,17,0.0,0.5,0.5,5,1.0,0.9431818181818182,0.6377962872577148
siglip2_b16_384,384,17,0.0,0.5,0.5,5,2.0,0.9386363636363636,0.6274494602203282
siglip2_b16_384,384,17,0.0,0.5,0.5,10,0.0,0.9468181818181818,0.7097219518389544
siglip2_b16_384,384,17,0.0,0.5,0.5,10,0.5,0.9440909090909091,0.6998327444612906
siglip2_b16_384,384,17,0.0,0.5,0.5,10,1.0,0.9427272727272727,0.6927774661331595
siglip2_b16_384,384,17,0.0,0.5,0.5,10,2.0,0.9359090909090909,0.684222691061208
siglip2_b16_384,384,17,0.35,0.4,0.25,1,0.0,0.9409090909090909,0.5957371638881889
siglip2_b16_384,384,17,0.35,0.4,0.25,1,0.5,0.9436363636363636,0.5839735713285253
siglip2_b16_384,384,17,0.35,0.4,0.25,1,1.0,0.9422727272727273,0.5751085159862159
siglip2_b16_384,384,17,0.35,0.4,0.25,1,2.0,0.9354545454545454,0.5645167673839522
siglip2_b16_384,384,17,0.35,0.4,0.25,3,0.0,0.9454545454545454,0.6302852496193596
siglip2_b16_384,384,17,0.35,0.4,0.25,3,0.5,0.9459090909090909,0.6207924834257038
siglip2_b16_384,384,17,0.35,0.4,0.25,3,1.0,0.945,0.6134623734550855
siglip2_b16_384,384,17,0.35,0.4,0.25,3,2.0,0.9413636363636364,0.6038215797999915
siglip2_b16_384,384,17,0.35,0.4,0.25,5,0.0,0.9468181818181818,0.6587109001675157
siglip2_b16_384,384,17,0.35,0.4,0.25,5,0.5,0.9454545454545454,0.6504008953038111
siglip2_b16_384,384,17,0.35,0.4,0.25,5,1.0,0.9440909090909091,0.6439743552842744
siglip2_b16_384,384,17,0.35,0.4,0.25,5,2.0,0.94,0.6354549483046698
siglip2_b16_384,384,17,0.35,0.4,0.25,10,0.0,0.9468181818181818,0.7097219518389544
siglip2_b16_384,384,17,0.35,0.4,0.25,10,0.5,0.945,0.7030877727117294
siglip2_b16_384,384,17,0.35,0.4,0.25,10,1.0,0.9436363636363636,0.6979763896158465
siglip2_b16_384,384,17,0.35,0.4,0.25,10,2.0,0.9404545454545454,0.6912337796548702
siglip2_b16_384,384,17,0.45,0.35,0.2,1,0.0,0.9409090909090909,0.5957371638881889
siglip2_b16_384,384,17,0.45,0.35,0.2,1,0.5,0.9436363636363636,0.5857957288099088
siglip2_b16_384,384,17,0.45,0.35,0.2,1,1.0,0.9422727272727273,0.5780175358381394
siglip2_b16_384,384,17,0.45,0.35,0.2,1,2.0,0.9368181818181818,0.5679825031558343
siglip2_b16_384,384,17,0.45,0.35,0.2,3,0.0,0.9454545454545454,0.6302852496193596
siglip2_b16_384,384,17,0.45,0.35,0.2,3,0.5,0.9454545454545454,0.6222997840654652
siglip2_b16_384,384,17,0.45,0.35,0.2,3,1.0,0.9445454545454546,0.615947615722833
siglip2_b16_384,384,17,0.45,0.35,0.2,3,2.0,0.9409090909090909,0.6072130896447193
siglip2_b16_384,384,17,0.45,0.35,0.2,5,0.0,0.9468181818181818,0.6587109001675157
siglip2_b16_384,384,17,0.45,0.35,0.2,5,0.5,0.9463636363636364,0.6517428076375477
siglip2_b16_384,384,17,0.45,0.35,0.2,5,1.0,0.9445454545454546,0.6462022887773421
siglip2_b16_384,384,17,0.45,0.35,0.2,5,2.0,0.9413636363636364,0.6385649268083908
siglip2_b16_384,384,17,0.45,0.35,0.2,10,0.0,0.9468181818181818,0.7097219518389544
siglip2_b16_384,384,17,0.45,0.35,0.2,10,0.5,0.9454545454545454,0.70419269657212
siglip2_b16_384,384,17,0.45,0.35,0.2,10,1.0,0.9436363636363636,0.6998249316089856
siglip2_b16_384,384,17,0.45,0.35,0.2,10,2.0,0.9404545454545454,0.6938750893870623
siglip2_b16_384,384,29,1.0,0.0,0.0,1,0.0,0.9318181818181818,0.6059829102616683
siglip2_b16_384,384,29,1.0,0.0,0.0,1,0.5,0.9327272727272727,0.6057868818857145
siglip2_b16_384,384,29,1.0,0.0,0.0,1,1.0,0.9327272727272727,0.605788124997349
siglip2_b16_384,384,29,1.0,0.0,0.0,1,2.0,0.9340909090909091,0.6063811002781763
siglip2_b16_384,384,29,1.0,0.0,0.0,3,0.0,0.9445454545454546,0.6324493312185483
siglip2_b16_384,384,29,1.0,0.0,0.0,3,0.5,0.9445454545454546,0.63268480979536
siglip2_b16_384,384,29,1.0,0.0,0.0,3,1.0,0.9445454545454546,0.6330658860363848
siglip2_b16_384,384,29,1.0,0.0,0.0,3,2.0,0.9463636363636364,0.6342637063363328
siglip2_b16_384,384,29,1.0,0.0,0.0,5,0.0,0.9472727272727273,0.6585071743557102
siglip2_b16_384,384,29,1.0,0.0,0.0,5,0.5,0.9463636363636364,0.658840653282811
siglip2_b16_384,384,29,1.0,0.0,0.0,5,1.0,0.9459090909090909,0.6593086229461621
siglip2_b16_384,384,29,1.0,0.0,0.0,5,2.0,0.9445454545454546,0.6606467338276697
siglip2_b16_384,384,29,1.0,0.0,0.0,10,0.0,0.9454545454545454,0.7067134655146928
siglip2_b16_384,384,29,1.0,0.0,0.0,10,0.5,0.945,0.7070912234092467
siglip2_b16_384,384,29,1.0,0.0,0.0,10,1.0,0.9445454545454546,0.707594392147764
siglip2_b16_384,384,29,1.0,0.0,0.0,10,2.0,0.9436363636363636,0.7089756512261325
siglip2_b16_384,384,29,0.0,1.0,0.0,1,0.0,0.9318181818181818,0.6059829102616683
siglip2_b16_384,384,29,0.0,1.0,0.0,1,0.5,0.9363636363636364,0.5699019582164677
siglip2_b16_384,384,29,0.0,1.0,0.0,1,1.0,0.9345454545454546,0.5597528838156791
siglip2_b16_384,384,29,0.0,1.0,0.0,1,2.0,0.9281818181818182,0.57027095635437
siglip2_b16_384,384,29,0.0,1.0,0.0,3,0.0,0.9445454545454546,0.6324493312185483
siglip2_b16_384,384,29,0.0,1.0,0.0,3,0.5,0.9409090909090909,0.6073456704239647
siglip2_b16_384,384,29,0.0,1.0,0.0,3,1.0,0.9372727272727273,0.596764239302782
siglip2_b16_384,384,29,0.0,1.0,0.0,3,2.0,0.9318181818181818,0.5901896898111565
siglip2_b16_384,384,29,0.0,1.0,0.0,5,0.0,0.9472727272727273,0.6585071743557102
siglip2_b16_384,384,29,0.0,1.0,0.0,5,0.5,0.9427272727272727,0.636942022165272
siglip2_b16_384,384,29,0.0,1.0,0.0,5,1.0,0.9390909090909091,0.6272216042342046
siglip2_b16_384,384,29,0.0,1.0,0.0,5,2.0,0.9340909090909091,0.6199855919995182
siglip2_b16_384,384,29,0.0,1.0,0.0,10,0.0,0.9454545454545454,0.7067134655146928
siglip2_b16_384,384,29,0.0,1.0,0.0,10,0.5,0.9422727272727273,0.6899439544297781
siglip2_b16_384,384,29,0.0,1.0,0.0,10,1.0,0.9395454545454546,0.6822686910345309
siglip2_b16_384,384,29,0.0,1.0,0.0,10,2.0,0.9309090909090909,0.6764755096943188
siglip2_b16_384,384,29,0.0,0.0,1.0,1,0.0,0.9318181818181818,0.6059829102616683
siglip2_b16_384,384,29,0.0,0.0,1.0,1,0.5,0.9318181818181818,0.6053437439368023
siglip2_b16_384,384,29,0.0,0.0,1.0,1,1.0,0.9309090909090909,0.6047626608108728
siglip2_b16_384,384,29,0.0,0.0,1.0,1,2.0,0.9318181818181818,0.6037747406817836
siglip2_b16_384,384,29,0.0,0.0,1.0,3,0.0,0.9445454545454546,0.6324493312185483
siglip2_b16_384,384,29,0.0,0.0,1.0,3,0.5,0.9436363636363636,0.6320574696152327
siglip2_b16_384,384,29,0.0,0.0,1.0,3,1.0,0.9445454545454546,0.6317121747625964
siglip2_b16_384,384,29,0.0,0.0,1.0,3,2.0,0.9454545454545454,0.6311615876970589
siglip2_b16_384,384,29,0.0,0.0,1.0,5,0.0,0.9472727272727273,0.6585071743557102
siglip2_b16_384,384,29,0.0,0.0,1.0,5,0.5,0.9468181818181818,0.6581571381583229
siglip2_b16_384,384,29,0.0,0.0,1.0,5,1.0,0.9463636363636364,0.6578501608674486
siglip2_b16_384,384,29,0.0,0.0,1.0,5,2.0,0.9472727272727273,0.6573656976007499
siglip2_b16_384,384,29,0.0,0.0,1.0,10,0.0,0.9454545454545454,0.7067134655146928
siglip2_b16_384,384,29,0.0,0.0,1.0,10,0.5,0.9454545454545454,0.7064109719100807
siglip2_b16_384,384,29,0.0,0.0,1.0,10,1.0,0.945,0.7061475249636554
siglip2_b16_384,384,29,0.0,0.0,1.0,10,2.0,0.9459090909090909,0.7057382932264025
siglip2_b16_384,384,29,0.5,0.5,0.0,1,0.0,0.9318181818181818,0.6059829102616683
siglip2_b16_384,384,29,0.5,0.5,0.0,1,0.5,0.9372727272727273,0.5892933872121366
siglip2_b16_384,384,29,0.5,0.5,0.0,1,1.0,0.9359090909090909,0.5773241821224594
siglip2_b16_384,384,29,0.5,0.5,0.0,1,2.0,0.9359090909090909,0.5642794408241605
siglip2_b16_384,384,29,0.5,0.5,0.0,3,0.0,0.9445454545454546,0.6324493312185483
siglip2_b16_384,384,29,0.5,0.5,0.0,3,0.5,0.945,0.6211124556023228
siglip2_b16_384,384,29,0.5,0.5,0.0,3,1.0,0.9418181818181818,0.6128595322803942
siglip2_b16_384,384,29,0.5,0.5,0.0,3,2.0,0.9386363636363636,0.602963335266738
siglip2_b16_384,384,29,0.5,0.5,0.0,5,0.0,0.9472727272727273,0.6585071743557102
siglip2_b16_384,384,29,0.5,0.5,0.0,5,0.5,0.9454545454545454,0.6488207732186243
siglip2_b16_384,384,29,0.5,0.5,0.0,5,1.0,0.9440909090909091,0.6417083543225135
siglip2_b16_384,384,29,0.5,0.5,0.0,5,2.0,0.9390909090909091,0.632967013117555
siglip2_b16_384,384,29,0.5,0.5,0.0,10,0.0,0.9454545454545454,0.7067134655146928
siglip2_b16_384,384,29,0.5,0.5,0.0,10,0.5,0.945,0.6992118941055843
siglip2_b16_384,384,29,0.5,0.5,0.0,10,1.0,0.9431818181818182,0.6937388579096908
siglip2_b16_384,384,29,0.5,0.5,0.0,10,2.0,0.9386363636363636,0.6871002760440672
siglip2_b16_384,384,29,0.5,0.0,0.5,1,0.0,0.9318181818181818,0.6059829102616683
siglip2_b16_384,384,29,0.5,0.0,0.5,1,0.5,0.9322727272727273,0.6055904908612979
siglip2_b16_384,384,29,0.5,0.0,0.5,1,1.0,0.9336363636363636,0.6052801402368209
siglip2_b16_384,384,29,0.5,0.0,0.5,1,2.0,0.9336363636363636,0.6049046091078811
siglip2_b16_384,384,29,0.5,0.0,0.5,3,0.0,0.9445454545454546,0.6324493312185483
siglip2_b16_384,384,29,0.5,0.0,0.5,3,0.5,0.9431818181818182,0.6324254303646035
siglip2_b16_384,384,29,0.5,0.0,0.5,3,1.0,0.9431818181818182,0.6324605433836042
siglip2_b16_384,384,29,0.5,0.0,0.5,3,2.0,0.9436363636363636,0.6327066996221912
siglip2_b16_384,384,29,0.5,0.0,0.5,5,0.0,0.9472727272727273,0.6585071743557102
siglip2_b16_384,384,29,0.5,0.0,0.5,5,0.5,0.9468181818181818,0.6585610661427053
siglip2_b16_384,384,29,0.5,0.0,0.5,5,1.0,0.9463636363636364,0.6586681620458695
siglip2_b16_384,384,29,0.5,0.0,0.5,5,2.0,0.9463636363636364,0.6590408675250382
siglip2_b16_384,384,29,0.5,0.0,0.5,10,0.0,0.9454545454545454,0.7067134655146928
siglip2_b16_384,384,29,0.5,0.0,0.5,10,0.5,0.945,0.7068141606510209
siglip2_b16_384,384,29,0.5,0.0,0.5,10,1.0,0.9440909090909091,0.7069629215585781
siglip2_b16_384,384,29,0.5,0.0,0.5,10,2.0,0.9445454545454546,0.7074037565989935
siglip2_b16_384,384,29,0.0,0.5,0.5,1,0.0,0.9318181818181818,0.6059829102616683
siglip2_b16_384,384,29,0.0,0.5,0.5,1,0.5,0.9363636363636364,0.5850615622372214
siglip2_b16_384,384,29,0.0,0.5,0.5,1,1.0,0.9372727272727273,0.5710585508004961
siglip2_b16_384,384,29,0.0,0.5,0.5,1,2.0,0.9336363636363636,0.5577403386282515
siglip2_b16_384,384,29,0.0,0.5,0.5,3,0.0,0.9445454545454546,0.6324493312185483
siglip2_b16_384,384,29,0.0,0.5,0.5,3,0.5,0.9445454545454546,0.618012997795536
siglip2_b16_384,384,29,0.0,0.5,0.5,3,1.0,0.9409090909090909,0.6079977003030802
siglip2_b16_384,384,29,0.0,0.5,0.5,3,2.0,0.9368181818181818,0.5964920142642427
siglip2_b16_384,384,29,0.0,0.5,0.5,5,0.0,0.9472727272727273,0.6585071743557102
siglip2_b16_384,384,29,0.0,0.5,0.5,5,0.5,0.945,0.6460860371810292
siglip2_b16_384,384,29,0.0,0.5,0.5,5,1.0,0.9422727272727273,0.6373277083503378
siglip2_b16_384,384,29,0.0,0.5,0.5,5,2.0,0.9390909090909091,0.62683077731136
siglip2_b16_384,384,29,0.0,0.5,0.5,10,0.0,0.9454545454545454,0.7067134655146928
siglip2_b16_384,384,29,0.0,0.5,0.5,10,0.5,0.945,0.6970091076515191
siglip2_b16_384,384,29,0.0,0.5,0.5,10,1.0,0.9431818181818182,0.6901535491231746
siglip2_b16_384,384,29,0.0,0.5,0.5,10,2.0,0.9372727272727273,0.6818835172741361
siglip2_b16_384,384,29,0.35,0.4,0.25,1,0.0,0.9318181818181818,0.6059829102616683
siglip2_b16_384,384,29,0.35,0.4,0.25,1,0.5,0.9368181818181818,0.5912545474121447
siglip2_b16_384,384,29,0.35,0.4,0.25,1,1.0,0.9359090909090909,0.5800750812596825
siglip2_b16_384,384,29,0.35,0.4,0.25,1,2.0,0.9354545454545454,0.5662464206077228
siglip2_b16_384,384,29,0.35,0.4,0.25,3,0.0,0.9445454545454546,0.6324493312185483
siglip2_b16_384,384,29,0.35,0.4,0.25,3,0.5,0.945,0.6224190256780341
siglip2_b16_384,384,29,0.35,0.4,0.25,3,1.0,0.9422727272727273,0.6147334107005074
siglip2_b16_384,384,29,0.35,0.4,0.25,3,2.0,0.9395454545454546,0.6046484670101833
siglip2_b16_384,384,29,0.35,0.4,0.25,5,0.0,0.9472727272727273,0.6585071743557102
siglip2_b16_384,384,29,0.35,0.4,0.25,5,0.5,0.9454545454545454,0.6499240701254363
siglip2_b16_384,384,29,0.35,0.4,0.25,5,1.0,0.9436363636363636,0.6433009726222289
siglip2_b16_384,384,29,0.35,0.4,0.25,5,2.0,0.9404545454545454,0.6344452354014137
siglip2_b16_384,384,29,0.35,0.4,0.25,10,0.0,0.9454545454545454,0.7067134655146928
siglip2_b16_384,384,29,0.35,0.4,0.25,10,0.5,0.945,0.7000488861794094
siglip2_b16_384,384,29,0.35,0.4,0.25,10,1.0,0.9427272727272727,0.6949292045429588
siglip2_b16_384,384,29,0.35,0.4,0.25,10,2.0,0.94,0.6881359309700794
siglip2_b16_384,384,29,0.45,0.35,0.2,1,0.0,0.9318181818181818,0.6059829102616683
siglip2_b16_384,384,29,0.45,0.35,0.2,1,0.5,0.9363636363636364,0.5934112526899912
siglip2_b16_384,384,29,0.45,0.35,0.2,1,1.0,0.9363636363636364,0.5834983488648912
siglip2_b16_384,384,29,0.45,0.35,0.2,1,2.0,0.9359090909090909,0.5703123506979186
siglip2_b16_384,384,29,0.45,0.35,0.2,3,0.0,0.9445454545454546,0.6324493312185483
siglip2_b16_384,384,29,0.45,0.35,0.2,3,0.5,0.945,0.6239409441615773
siglip2_b16_384,384,29,0.45,0.35,0.2,3,1.0,0.9427272727272727,0.6172111897749113
siglip2_b16_384,384,29,0.45,0.35,0.2,3,2.0,0.94,0.6079633143721873
siglip2_b16_384,384,29,0.45,0.35,0.2,5,0.0,0.9472727272727273,0.6585071743557102
siglip2_b16_384,384,29,0.45,0.35,0.2,5,0.5,0.9472727272727273,0.6512456140475739
siglip2_b16_384,384,29,0.45,0.35,0.2,5,1.0,0.9445454545454546,0.6454770924136126
siglip2_b16_384,384,29,0.45,0.35,0.2,5,2.0,0.9409090909090909,0.6374544141868789
siglip2_b16_384,384,29,0.45,0.35,0.2,10,0.0,0.9454545454545454,0.7067134655146928
siglip2_b16_384,384,29,0.45,0.35,0.2,10,0.5,0.945,0.7010916629940925
siglip2_b16_384,384,29,0.45,0.35,0.2,10,1.0,0.9431818181818182,0.696654484045049
siglip2_b16_384,384,29,0.45,0.35,0.2,10,2.0,0.9404545454545454,0.6905579489560709
siglip2_b16_384,384,43,1.0,0.0,0.0,1,0.0,0.9377272727272727,0.6035893488121684
siglip2_b16_384,384,43,1.0,0.0,0.0,1,0.5,0.9381818181818182,0.6031151600086138
siglip2_b16_384,384,43,1.0,0.0,0.0,1,1.0,0.9368181818181818,0.6028400939575765
siglip2_b16_384,384,43,1.0,0.0,0.0,1,2.0,0.9327272727272727,0.6028855911874044
siglip2_b16_384,384,43,1.0,0.0,0.0,3,0.0,0.9522727272727273,0.634350022278062
siglip2_b16_384,384,43,1.0,0.0,0.0,3,0.5,0.9522727272727273,0.6343170222224233
siglip2_b16_384,384,43,1.0,0.0,0.0,3,1.0,0.9513636363636364,0.6344285913248351
siglip2_b16_384,384,43,1.0,0.0,0.0,3,2.0,0.9490909090909091,0.635084022221595
siglip2_b16_384,384,43,1.0,0.0,0.0,5,0.0,0.9527272727272728,0.6614191519976552
siglip2_b16_384,384,43,1.0,0.0,0.0,5,0.5,0.9531818181818181,0.6615271672505915
siglip2_b16_384,384,43,1.0,0.0,0.0,5,1.0,0.9513636363636364,0.6617678858017573
siglip2_b16_384,384,43,1.0,0.0,0.0,5,2.0,0.95,0.6626463126527554
siglip2_b16_384,384,43,1.0,0.0,0.0,10,0.0,0.9513636363636364,0.711584195255208
siglip2_b16_384,384,43,1.0,0.0,0.0,10,0.5,0.9495454545454546,0.711904555548374
siglip2_b16_384,384,43,1.0,0.0,0.0,10,1.0,0.9486363636363636,0.7123467297932355
siglip2_b16_384,384,43,1.0,0.0,0.0,10,2.0,0.9454545454545454,0.7135958502855579
siglip2_b16_384,384,43,0.0,1.0,0.0,1,0.0,0.9377272727272727,0.6035893488121684
siglip2_b16_384,384,43,0.0,1.0,0.0,1,0.5,0.9377272727272727,0.5770638727762519
siglip2_b16_384,384,43,0.0,1.0,0.0,1,1.0,0.9322727272727273,0.5686912716614613
siglip2_b16_384,384,43,0.0,1.0,0.0,1,2.0,0.9213636363636364,0.5782755406649741
siglip2_b16_384,384,43,0.0,1.0,0.0,3,0.0,0.9522727272727273,0.634350022278062
siglip2_b16_384,384,43,0.0,1.0,0.0,3,0.5,0.9468181818181818,0.6141517475615285
siglip2_b16_384,384,43,0.0,1.0,0.0,3,1.0,0.9427272727272727,0.6049986091187067
siglip2_b16_384,384,43,0.0,1.0,0.0,3,2.0,0.9318181818181818,0.6006182186305159
siglip2_b16_384,384,43,0.0,1.0,0.0,5,0.0,0.9527272727272728,0.6614191519976552
siglip2_b16_384,384,43,0.0,1.0,0.0,5,0.5,0.9445454545454546,0.6437078641617314
siglip2_b16_384,384,43,0.0,1.0,0.0,5,1.0,0.9436363636363636,0.6353784583156303
siglip2_b16_384,384,43,0.0,1.0,0.0,5,2.0,0.9345454545454546,0.6302327072906044
siglip2_b16_384,384,43,0.0,1.0,0.0,10,0.0,0.9513636363636364,0.711584195255208
siglip2_b16_384,384,43,0.0,1.0,0.0,10,0.5,0.9418181818181818,0.697433671124321
siglip2_b16_384,384,43,0.0,1.0,0.0,10,1.0,0.9422727272727273,0.6906864188042988
siglip2_b16_384,384,43,0.0,1.0,0.0,10,2.0,0.93,0.6860270294839488
siglip2_b16_384,384,43,0.0,0.0,1.0,1,0.0,0.9377272727272727,0.6035893488121684
siglip2_b16_384,384,43,0.0,0.0,1.0,1,0.5,0.9386363636363636,0.6030691695348132
siglip2_b16_384,384,43,0.0,0.0,1.0,1,1.0,0.9386363636363636,0.6025957279556635
siglip2_b16_384,384,43,0.0,0.0,1.0,1,2.0,0.9395454545454546,0.601788822841648
siglip2_b16_384,384,43,0.0,0.0,1.0,3,0.0,0.9522727272727273,0.634350022278062
siglip2_b16_384,384,43,0.0,0.0,1.0,3,0.5,0.9527272727272728,0.6338942522265141
siglip2_b16_384,384,43,0.0,0.0,1.0,3,1.0,0.9522727272727273,0.6334757986033099
siglip2_b16_384,384,43,0.0,0.0,1.0,3,2.0,0.9513636363636364,0.6327508388235296
siglip2_b16_384,384,43,0.0,0.0,1.0,5,0.0,0.9527272727272728,0.6614191519976552
siglip2_b16_384,384,43,0.0,0.0,1.0,5,0.5,0.9522727272727273,0.6610140699739249
siglip2_b16_384,384,43,0.0,0.0,1.0,5,1.0,0.9518181818181818,0.6606438955792622
siglip2_b16_384,384,43,0.0,0.0,1.0,5,2.0,0.9527272727272728,0.6600083686688557
siglip2_b16_384,384,43,0.0,0.0,1.0,10,0.0,0.9513636363636364,0.711584195255208
siglip2_b16_384,384,43,0.0,0.0,1.0,10,0.5,0.9509090909090909,0.7112228867697112
siglip2_b16_384,384,43,0.0,0.0,1.0,10,1.0,0.95,0.7108936572393654
siglip2_b16_384,384,43,0.0,0.0,1.0,10,2.0,0.9504545454545454,0.7103318031610206
siglip2_b16_384,384,43,0.5,0.5,0.0,1,0.0,0.9377272727272727,0.6035893488121684
siglip2_b16_384,384,43,0.5,0.5,0.0,1,0.5,0.9395454545454546,0.5902678606628433
siglip2_b16_384,384,43,0.5,0.5,0.0,1,1.0,0.9395454545454546,0.5806246733492156
siglip2_b16_384,384,43,0.5,0.5,0.0,1,2.0,0.9318181818181818,0.5701650673851051
siglip2_b16_384,384,43,0.5,0.5,0.0,3,0.0,0.9522727272727273,0.634350022278062
siglip2_b16_384,384,43,0.5,0.5,0.0,3,0.5,0.9495454545454546,0.6246362407201315
siglip2_b16_384,384,43,0.5,0.5,0.0,3,1.0,0.9463636363636364,0.6174969335255661
siglip2_b16_384,384,43,0.5,0.5,0.0,3,2.0,0.9422727272727273,0.609004945373791
siglip2_b16_384,384,43,0.5,0.5,0.0,5,0.0,0.9527272727272728,0.6614191519976552
siglip2_b16_384,384,43,0.5,0.5,0.0,5,0.5,0.9481818181818182,0.6530179832068831
siglip2_b16_384,384,43,0.5,0.5,0.0,5,1.0,0.945,0.6468388145302575
siglip2_b16_384,384,43,0.5,0.5,0.0,5,2.0,0.9445454545454546,0.6394065595684538
siglip2_b16_384,384,43,0.5,0.5,0.0,10,0.0,0.9513636363636364,0.711584195255208
siglip2_b16_384,384,43,0.5,0.5,0.0,10,0.5,0.9459090909090909,0.7050282356694596
siglip2_b16_384,384,43,0.5,0.5,0.0,10,1.0,0.9427272727272727,0.7002447414212826
siglip2_b16_384,384,43,0.5,0.5,0.0,10,2.0,0.9381818181818182,0.6945574120366028
siglip2_b16_384,384,43,0.5,0.0,0.5,1,0.0,0.9377272727272727,0.6035893488121684
siglip2_b16_384,384,43,0.5,0.0,0.5,1,0.5,0.9381818181818182,0.6030787647292088
siglip2_b16_384,384,43,0.5,0.0,0.5,1,1.0,0.9386363636363636,0.6026493788467947
siglip2_b16_384,384,43,0.5,0.0,0.5,1,2.0,0.935,0.6020328553305693
siglip2_b16_384,384,43,0.5,0.0,0.5,3,0.0,0.9522727272727273,0.634350022278062
siglip2_b16_384,384,43,0.5,0.0,0.5,3,0.5,0.9522727272727273,0.6341391878209607
siglip2_b16_384,384,43,0.5,0.0,0.5,3,1.0,0.9518181818181818,0.6339859752830956
siglip2_b16_384,384,43,0.5,0.0,0.5,3,2.0,0.9504545454545454,0.6338511887831311
siglip2_b16_384,384,43,0.5,0.0,0.5,5,0.0,0.9527272727272728,0.6614191519976552
siglip2_b16_384,384,43,0.5,0.0,0.5,5,0.5,0.9527272727272728,0.6613153353109441
siglip2_b16_384,384,43,0.5,0.0,0.5,5,1.0,0.9527272727272728,0.6612639790086883
siglip2_b16_384,384,43,0.5,0.0,0.5,5,2.0,0.9518181818181818,0.6613174913447969
siglip2_b16_384,384,43,0.5,0.0,0.5,10,0.0,0.9513636363636364,0.711584195255208
siglip2_b16_384,384,43,0.5,0.0,0.5,10,0.5,0.95,0.7116282661063472
siglip2_b16_384,384,43,0.5,0.0,0.5,10,1.0,0.9490909090909091,0.7117194968685864
siglip2_b16_384,384,43,0.5,0.0,0.5,10,2.0,0.9486363636363636,0.7120425624508372
siglip2_b16_384,384,43,0.0,0.5,0.5,1,0.0,0.9377272727272727,0.6035893488121684
siglip2_b16_384,384,43,0.0,0.5,0.5,1,0.5,0.94,0.587229371839624
siglip2_b16_384,384,43,0.0,0.5,0.5,1,1.0,0.9390909090909091,0.5760722273716573
siglip2_b16_384,384,43,0.0,0.5,0.5,1,2.0,0.9318181818181818,0.5654300037966167
siglip2_b16_384,384,43,0.0,0.5,0.5,3,0.0,0.9522727272727273,0.634350022278062
siglip2_b16_384,384,43,0.0,0.5,0.5,3,0.5,0.9495454545454546,0.6221755429050049
siglip2_b16_384,384,43,0.0,0.5,0.5,3,1.0,0.9459090909090909,0.613568281248884
siglip2_b16_384,384,43,0.0,0.5,0.5,3,2.0,0.9422727272727273,0.6037099944563444
siglip2_b16_384,384,43,0.0,0.5,0.5,5,0.0,0.9527272727272728,0.6614191519976552
siglip2_b16_384,384,43,0.0,0.5,0.5,5,0.5,0.9472727272727273,0.650795483630245
siglip2_b16_384,384,43,0.0,0.5,0.5,5,1.0,0.945,0.6432210026875078
siglip2_b16_384,384,43,0.0,0.5,0.5,5,2.0,0.9431818181818182,0.6342530110201503
siglip2_b16_384,384,43,0.0,0.5,0.5,10,0.0,0.9513636363636364,0.711584195255208
siglip2_b16_384,384,43,0.0,0.5,0.5,10,0.5,0.9445454545454546,0.7031245468977398
siglip2_b16_384,384,43,0.0,0.5,0.5,10,1.0,0.9422727272727273,0.6970668963308534
siglip2_b16_384,384,43,0.0,0.5,0.5,10,2.0,0.94,0.6897457242022916
siglip2_b16_384,384,43,0.35,0.4,0.25,1,0.0,0.9377272727272727,0.6035893488121684
siglip2_b16_384,384,43,0.35,0.4,0.25,1,0.5,0.9404545454545454,0.5917989693320937
siglip2_b16_384,384,43,0.35,0.4,0.25,1,1.0,0.9404545454545454,0.5827731716506448
siglip2_b16_384,384,43,0.35,0.4,0.25,1,2.0,0.9331818181818182,0.5715866405927212
siglip2_b16_384,384,43,0.35,0.4,0.25,3,0.0,0.9522727272727273,0.634350022278062
siglip2_b16_384,384,43,0.35,0.4,0.25,3,0.5,0.95,0.625720195062468
siglip2_b16_384,384,43,0.35,0.4,0.25,3,1.0,0.9472727272727273,0.6190420086640798
siglip2_b16_384,384,43,0.35,0.4,0.25,3,2.0,0.9422727272727273,0.6102645215225421
siglip2_b16_384,384,43,0.35,0.4,0.25,5,0.0,0.9527272727272728,0.6614191519976552
siglip2_b16_384,384,43,0.35,0.4,0.25,5,0.5,0.9490909090909091,0.6539457746291085
siglip2_b16_384,384,43,0.35,0.4,0.25,5,1.0,0.9454545454545454,0.6481577667536516
siglip2_b16_384,384,43,0.35,0.4,0.25,5,2.0,0.9445454545454546,0.6404865409650667
siglip2_b16_384,384,43,0.35,0.4,0.25,10,0.0,0.9513636363636364,0.711584195255208
siglip2_b16_384,384,43,0.35,0.4,0.25,10,0.5,0.9459090909090909,0.7057307950859907
siglip2_b16_384,384,43,0.35,0.4,0.25,10,1.0,0.9436363636363636,0.7012202272567453
siglip2_b16_384,384,43,0.35,0.4,0.25,10,2.0,0.94,0.6952738507128141
siglip2_b16_384,384,43,0.45,0.35,0.2,1,0.0,0.9377272727272727,0.6035893488121684
siglip2_b16_384,384,43,0.45,0.35,0.2,1,0.5,0.9395454545454546,0.5934360886369188
siglip2_b16_384,384,43,0.45,0.35,0.2,1,1.0,0.9386363636363636,0.5853813572180632
siglip2_b16_384,384,43,0.45,0.35,0.2,1,2.0,0.9354545454545454,0.5746535296144729
siglip2_b16_384,384,43,0.45,0.35,0.2,3,0.0,0.9522727272727273,0.634350022278062
siglip2_b16_384,384,43,0.45,0.35,0.2,3,0.5,0.9504545454545454,0.6269696874887559
siglip2_b16_384,384,43,0.45,0.35,0.2,3,1.0,0.9495454545454546,0.6210857929985191
siglip2_b16_384,384,43,0.45,0.35,0.2,3,2.0,0.9436363636363636,0.6129775030255253
siglip2_b16_384,384,43,0.45,0.35,0.2,5,0.0,0.9527272727272728,0.6614191519976552
siglip2_b16_384,384,43,0.45,0.35,0.2,5,0.5,0.9490909090909091,0.6550497071117303
siglip2_b16_384,384,43,0.45,0.35,0.2,5,1.0,0.9472727272727273,0.6499782492131712
siglip2_b16_384,384,43,0.45,0.35,0.2,5,2.0,0.9445454545454546,0.6429755077310504
siglip2_b16_384,384,43,0.45,0.35,0.2,10,0.0,0.9513636363636364,0.711584195255208
siglip2_b16_384,384,43,0.45,0.35,0.2,10,0.5,0.9463636363636364,0.7066331904590362
siglip2_b16_384,384,43,0.45,0.35,0.2,10,1.0,0.9436363636363636,0.7027222189077644
siglip2_b16_384,384,43,0.45,0.35,0.2,10,2.0,0.94,0.6973913864016025
siglip2_b16_384,384,61,1.0,0.0,0.0,1,0.0,0.9486363636363636,0.5923187180361724
siglip2_b16_384,384,61,1.0,0.0,0.0,1,0.5,0.9468181818181818,0.5929565980184223
siglip2_b16_384,384,61,1.0,0.0,0.0,1,1.0,0.9445454545454546,0.5937959038617083
siglip2_b16_384,384,61,1.0,0.0,0.0,1,2.0,0.9431818181818182,0.5960818771799541
siglip2_b16_384,384,61,1.0,0.0,0.0,3,0.0,0.9540909090909091,0.6250041508379997
siglip2_b16_384,384,61,1.0,0.0,0.0,3,0.5,0.9540909090909091,0.6257738832829635
siglip2_b16_384,384,61,1.0,0.0,0.0,3,1.0,0.9527272727272728,0.6266942917239479
siglip2_b16_384,384,61,1.0,0.0,0.0,3,2.0,0.9513636363636364,0.62898978000691
siglip2_b16_384,384,61,1.0,0.0,0.0,5,0.0,0.9522727272727273,0.6531591292711232
siglip2_b16_384,384,61,1.0,0.0,0.0,5,0.5,0.9527272727272728,0.6538860546285966
siglip2_b16_384,384,61,1.0,0.0,0.0,5,1.0,0.9509090909090909,0.6547523816957165
siglip2_b16_384,384,61,1.0,0.0,0.0,5,2.0,0.9495454545454546,0.6569053587637288
siglip2_b16_384,384,61,1.0,0.0,0.0,10,0.0,0.95,0.7041091488742586
siglip2_b16_384,384,61,1.0,0.0,0.0,10,0.5,0.95,0.7047850556530454
siglip2_b16_384,384,61,1.0,0.0,0.0,10,1.0,0.9495454545454546,0.7055905191485107
siglip2_b16_384,384,61,1.0,0.0,0.0,10,2.0,0.9477272727272728,0.7075913845322837
siglip2_b16_384,384,61,0.0,1.0,0.0,1,0.0,0.9486363636363636,0.5923187180361724
siglip2_b16_384,384,61,0.0,1.0,0.0,1,0.5,0.945,0.5623866780462181
siglip2_b16_384,384,61,0.0,1.0,0.0,1,1.0,0.9404545454545454,0.5512223534960022
siglip2_b16_384,384,61,0.0,1.0,0.0,1,2.0,0.9309090909090909,0.555364113935065
siglip2_b16_384,384,61,0.0,1.0,0.0,3,0.0,0.9540909090909091,0.6250041508379997
siglip2_b16_384,384,61,0.0,1.0,0.0,3,0.5,0.95,0.6022520504777964
siglip2_b16_384,384,61,0.0,1.0,0.0,3,1.0,0.945,0.5913130481018921
siglip2_b16_384,384,61,0.0,1.0,0.0,3,2.0,0.9381818181818182,0.5842527826322197
siglip2_b16_384,384,61,0.0,1.0,0.0,5,0.0,0.9522727272727273,0.6531591292711232
siglip2_b16_384,384,61,0.0,1.0,0.0,5,0.5,0.9477272727272728,0.6330671648838562
siglip2_b16_384,384,61,0.0,1.0,0.0,5,1.0,0.9431818181818182,0.6228897376923694
siglip2_b16_384,384,61,0.0,1.0,0.0,5,2.0,0.9390909090909091,0.6150730307897465
siglip2_b16_384,384,61,0.0,1.0,0.0,10,0.0,0.95,0.7041091488742586
siglip2_b16_384,384,61,0.0,1.0,0.0,10,0.5,0.9463636363636364,0.6882239572198846
siglip2_b16_384,384,61,0.0,1.0,0.0,10,1.0,0.9445454545454546,0.6800691906435533
siglip2_b16_384,384,61,0.0,1.0,0.0,10,2.0,0.94,0.6735543353207663
siglip2_b16_384,384,61,0.0,0.0,1.0,1,0.0,0.9486363636363636,0.5923187180361724
siglip2_b16_384,384,61,0.0,0.0,1.0,1,0.5,0.9490909090909091,0.5916753766587001
siglip2_b16_384,384,61,0.0,0.0,1.0,1,1.0,0.9490909090909091,0.5910838336554515
siglip2_b16_384,384,61,0.0,0.0,1.0,1,2.0,0.9486363636363636,0.5900560780230624
siglip2_b16_384,384,61,0.0,0.0,1.0,3,0.0,0.9540909090909091,0.6250041508379997
siglip2_b16_384,384,61,0.0,0.0,1.0,3,0.5,0.9536363636363636,0.6245146048720723
siglip2_b16_384,384,61,0.0,0.0,1.0,3,1.0,0.9540909090909091,0.6240667051858543
siglip2_b16_384,384,61,0.0,0.0,1.0,3,2.0,0.9554545454545454,0.623296185942752
siglip2_b16_384,384,61,0.0,0.0,1.0,5,0.0,0.9522727272727273,0.6531591292711232
siglip2_b16_384,384,61,0.0,0.0,1.0,5,0.5,0.9518181818181818,0.652714688713678
siglip2_b16_384,384,61,0.0,0.0,1.0,5,1.0,0.9518181818181818,0.6523087489080385
siglip2_b16_384,384,61,0.0,0.0,1.0,5,2.0,0.9518181818181818,0.6516127214683849
siglip2_b16_384,384,61,0.0,0.0,1.0,10,0.0,0.95,0.7041091488742586
siglip2_b16_384,384,61,0.0,0.0,1.0,10,0.5,0.9504545454545454,0.7037057808735995
siglip2_b16_384,384,61,0.0,0.0,1.0,10,1.0,0.95,0.7033368027027039
siglip2_b16_384,384,61,0.0,0.0,1.0,10,2.0,0.9509090909090909,0.7027024475521789
siglip2_b16_384,384,61,0.5,0.5,0.0,1,0.0,0.9486363636363636,0.5923187180361724
siglip2_b16_384,384,61,0.5,0.5,0.0,1,0.5,0.9468181818181818,0.5785351740192773
siglip2_b16_384,384,61,0.5,0.5,0.0,1,1.0,0.9445454545454546,0.5682670500755667
siglip2_b16_384,384,61,0.5,0.5,0.0,1,2.0,0.9395454545454546,0.5562005114464575
siglip2_b16_384,384,61,0.5,0.5,0.0,3,0.0,0.9540909090909091,0.6250041508379997
siglip2_b16_384,384,61,0.5,0.5,0.0,3,0.5,0.9518181818181818,0.6147612533940542
siglip2_b16_384,384,61,0.5,0.5,0.0,3,1.0,0.9490909090909091,0.607039249523895
siglip2_b16_384,384,61,0.5,0.5,0.0,3,2.0,0.9436363636363636,0.5973416333432595
siglip2_b16_384,384,61,0.5,0.5,0.0,5,0.0,0.9522727272727273,0.6531591292711232
siglip2_b16_384,384,61,0.5,0.5,0.0,5,0.5,0.9504545454545454,0.6441431344815473
siglip2_b16_384,384,61,0.5,0.5,0.0,5,1.0,0.9486363636363636,0.637296913676116
siglip2_b16_384,384,61,0.5,0.5,0.0,5,2.0,0.9440909090909091,0.6285167241355992
siglip2_b16_384,384,61,0.5,0.5,0.0,10,0.0,0.95,0.7041091488742586
siglip2_b16_384,384,61,0.5,0.5,0.0,10,0.5,0.9472727272727273,0.6970206588037736
siglip2_b16_384,384,61,0.5,0.5,0.0,10,1.0,0.9459090909090909,0.6916766685385946
siglip2_b16_384,384,61,0.5,0.5,0.0,10,2.0,0.9431818181818182,0.6849114578547778
siglip2_b16_384,384,61,0.5,0.0,0.5,1,0.0,0.9486363636363636,0.5923187180361724
siglip2_b16_384,384,61,0.5,0.0,0.5,1,0.5,0.9477272727272728,0.5924455549322052
siglip2_b16_384,384,61,0.5,0.0,0.5,1,1.0,0.9472727272727273,0.592650248887155
siglip2_b16_384,384,61,0.5,0.0,0.5,1,2.0,0.9445454545454546,0.5932926323428742
siglip2_b16_384,384,61,0.5,0.0,0.5,3,0.0,0.9540909090909091,0.6250041508379997
siglip2_b16_384,384,61,0.5,0.0,0.5,3,0.5,0.9540909090909091,0.6252754389699036
siglip2_b16_384,384,61,0.5,0.0,0.5,3,1.0,0.9540909090909091,0.6256033184226711
siglip2_b16_384,384,61,0.5,0.0,0.5,3,2.0,0.9536363636363636,0.6264281463648265
siglip2_b16_384,384,61,0.5,0.0,0.5,5,0.0,0.9522727272727273,0.6531591292711232
siglip2_b16_384,384,61,0.5,0.0,0.5,5,0.5,0.9518181818181818,0.6534221393799062
siglip2_b16_384,384,61,0.5,0.0,0.5,5,1.0,0.9527272727272728,0.6537367346282587
siglip2_b16_384,384,61,0.5,0.0,0.5,5,2.0,0.9509090909090909,0.6545200443749778
siglip2_b16_384,384,61,0.5,0.0,0.5,10,0.0,0.95,0.7041091488742586
siglip2_b16_384,384,61,0.5,0.0,0.5,10,0.5,0.9504545454545454,0.7043569507234267
siglip2_b16_384,384,61,0.5,0.0,0.5,10,1.0,0.95,0.7046519456451759
siglip2_b16_384,384,61,0.5,0.0,0.5,10,2.0,0.9495454545454546,0.7053827562872484
siglip2_b16_384,384,61,0.0,0.5,0.5,1,0.0,0.9486363636363636,0.5923187180361724
siglip2_b16_384,384,61,0.0,0.5,0.5,1,0.5,0.9463636363636364,0.5744343449264897
siglip2_b16_384,384,61,0.0,0.5,0.5,1,1.0,0.9459090909090909,0.5619423393604701
siglip2_b16_384,384,61,0.0,0.5,0.5,1,2.0,0.9386363636363636,0.5488277879812798
siglip2_b16_384,384,61,0.0,0.5,0.5,3,0.0,0.9540909090909091,0.6250041508379997
siglip2_b16_384,384,61,0.0,0.5,0.5,3,0.5,0.9509090909090909,0.6115453454634429
siglip2_b16_384,384,61,0.0,0.5,0.5,3,1.0,0.95,0.6018490883946459
siglip2_b16_384,384,61,0.0,0.5,0.5,3,2.0,0.9445454545454546,0.5901539956684183
siglip2_b16_384,384,61,0.0,0.5,0.5,5,0.0,0.9522727272727273,0.6531591292711232
siglip2_b16_384,384,61,0.0,0.5,0.5,5,0.5,0.9504545454545454,0.641277454860963
siglip2_b16_384,384,61,0.0,0.5,0.5,5,1.0,0.9486363636363636,0.6325898274439387
siglip2_b16_384,384,61,0.0,0.5,0.5,5,2.0,0.9436363636363636,0.6217056052620458
siglip2_b16_384,384,61,0.0,0.5,0.5,10,0.0,0.95,0.7041091488742586
siglip2_b16_384,384,61,0.0,0.5,0.5,10,0.5,0.9477272727272728,0.6946858111505608
siglip2_b16_384,384,61,0.0,0.5,0.5,10,1.0,0.9468181818181818,0.6877792477039122
siglip2_b16_384,384,61,0.0,0.5,0.5,10,2.0,0.9431818181818182,0.6790484305553676
siglip2_b16_384,384,61,0.35,0.4,0.25,1,0.0,0.9486363636363636,0.5923187180361724
siglip2_b16_384,384,61,0.35,0.4,0.25,1,0.5,0.9472727272727273,0.5800411890327863
siglip2_b16_384,384,61,0.35,0.4,0.25,1,1.0,0.9454545454545454,0.5704403469514995
siglip2_b16_384,384,61,0.35,0.4,0.25,1,2.0,0.94,0.5578888791753072
siglip2_b16_384,384,61,0.35,0.4,0.25,3,0.0,0.9540909090909091,0.6250041508379997
siglip2_b16_384,384,61,0.35,0.4,0.25,3,0.5,0.9518181818181818,0.6158612746226364
siglip2_b16_384,384,61,0.35,0.4,0.25,3,1.0,0.95,0.6086494338022935
siglip2_b16_384,384,61,0.35,0.4,0.25,3,2.0,0.9468181818181818,0.5987965496902827
siglip2_b16_384,384,61,0.35,0.4,0.25,5,0.0,0.9522727272727273,0.6531591292711232
siglip2_b16_384,384,61,0.35,0.4,0.25,5,0.5,0.9513636363636364,0.6451049416172855
siglip2_b16_384,384,61,0.35,0.4,0.25,5,1.0,0.9490909090909091,0.6387125903024184
siglip2_b16_384,384,61,0.35,0.4,0.25,5,2.0,0.9454545454545454,0.6298352449596026
siglip2_b16_384,384,61,0.35,0.4,0.25,10,0.0,0.95,0.7041091488742586
siglip2_b16_384,384,61,0.35,0.4,0.25,10,0.5,0.9477272727272728,0.6977592721311542
siglip2_b16_384,384,61,0.35,0.4,0.25,10,1.0,0.9463636363636364,0.6927434033061962
siglip2_b16_384,384,61,0.35,0.4,0.25,10,2.0,0.945,0.6858274512517027
siglip2_b16_384,384,61,0.45,0.35,0.2,1,0.0,0.9486363636363636,0.5923187180361724
siglip2_b16_384,384,61,0.45,0.35,0.2,1,0.5,0.9468181818181818,0.5819572633771487
siglip2_b16_384,384,61,0.45,0.35,0.2,1,1.0,0.9445454545454546,0.5735813588181433
siglip2_b16_384,384,61,0.45,0.35,0.2,1,2.0,0.9413636363636364,0.5619387209241216
siglip2_b16_384,384,61,0.45,0.35,0.2,3,0.0,0.9540909090909091,0.6250041508379997
siglip2_b16_384,384,61,0.45,0.35,0.2,3,0.5,0.9518181818181818,0.6173299625255492
siglip2_b16_384,384,61,0.45,0.35,0.2,3,1.0,0.9495454545454546,0.6111052281398954
siglip2_b16_384,384,61,0.45,0.35,0.2,3,2.0,0.9477272727272728,0.6022392247664433
siglip2_b16_384,384,61,0.45,0.35,0.2,5,0.0,0.9522727272727273,0.6531591292711232
siglip2_b16_384,384,61,0.45,0.35,0.2,5,0.5,0.9509090909090909,0.6464057555191979
siglip2_b16_384,384,61,0.45,0.35,0.2,5,1.0,0.9495454545454546,0.6409071465759217
siglip2_b16_384,384,61,0.45,0.35,0.2,5,2.0,0.9463636363636364,0.632993402265074
siglip2_b16_384,384,61,0.45,0.35,0.2,10,0.0,0.95,0.7041091488742586
siglip2_b16_384,384,61,0.45,0.35,0.2,10,0.5,0.9481818181818182,0.6987999575872571
siglip2_b16_384,384,61,0.45,0.35,0.2,10,1.0,0.9459090909090909,0.6945066073757487
siglip2_b16_384,384,61,0.45,0.35,0.2,10,2.0,0.945,0.6884013202888056
