encoder_key,resolution,seed,method,temperature,nll_uncalibrated,nll,ece_15_uncalibrated,ece_15,confidence_threshold_90pct_validation_coverage,selective_coverage,selective_accuracy,aurc
siglip2_b16_384,384,7,CLIP zero-shot,0.02,2.348580033338351,0.7524928427365811,0.7839846189837093,0.324947961624787,0.3060153116683117,0.8984848484848484,0.9143338954468803,0.048430636081381775
siglip2_b16_384,384,7,Full kNN,1.0,0.35758902917307667,0.35758902917307667,0.011950978386985587,0.011950978386985587,0.8185022265047955,0.9054545454545454,0.9886211512717537,0.010821963554657778
siglip2_b16_384,384,7,Linear probe,1.0,0.11041394655416507,0.11041394655416507,0.011819357118448323,0.011819357118448323,0.8720905016784811,0.896969696969697,0.9949324324324325,0.0019480554311093043
siglip2_b16_384,384,7,Random memory fused,0.2,1.0940465055445017,0.2577335021736741,0.5735371017539999,0.031494731391309684,0.8817597246390346,0.8930303030303031,0.9674244994910078,0.00915494375289459
siglip2_b16_384,384,7,Centroid fused,0.15,1.416974793267616,0.3261543507055099,0.6342360834663398,0.030246640536126954,0.7043591668604874,0.9015151515151515,0.9408403361344538,0.017738389590584318
siglip2_b16_384,384,7,KMeans medoids fused,0.2,1.0638950118652923,0.1884826722531443,0.581345012924982,0.025487710647907467,0.9298725259475403,0.896969696969697,0.9824324324324324,0.0055307487234229685
siglip2_b16_384,384,7,Facility selection (no reliability) fused,0.2,1.0589359516568855,0.17713991796190626,0.5852656415740196,0.0240965491818386,0.9204849065804879,0.9136363636363637,0.9830845771144279,0.004960258873312331
siglip2_b16_384,384,7,EvidenceMem v2 selection fused,0.2,1.0486434327770038,0.25512075133477663,0.5694897615418719,0.039896621401538476,0.9638282894683285,0.9045454545454545,0.9752093802345059,0.008956180544962188
siglip2_b16_384,384,7,EvidenceMem v4 global fusion,0.2,1.0594472147397693,0.17933233658161832,0.5846856244631544,0.024081431979772715,0.9186146074096583,0.9151515151515152,0.9827814569536424,0.0050387114910181805
siglip2_b16_384,384,7,EvidenceMem v4 class-conditional visual,0.2,0.6522575905062065,0.17353558591915716,0.37780728588899454,0.01844912997005925,0.9007229486114574,0.9045454545454545,0.9835845896147404,0.0045917813298431125
siglip2_b16_384,384,7,EvidenceMem v4 fixed fusion,0.2,0.8265418332033275,0.15968446780538864,0.4762694293262614,0.012942499264682814,0.8713218174984928,0.9057575757575758,0.9842756774841084,0.004374936903694679
siglip2_b16_384,384,7,EvidenceMem v4 continuous fusion,0.2,0.8265418332033275,0.15968446780538864,0.4762694293262614,0.012942499264682814,0.8713218174984928,0.9057575757575758,0.9842756774841084,0.004374936903694679
siglip2_b16_384,384,7,Tip-Adapter (matched cache),1.0,0.31694684458373446,0.31694684458373446,0.03980656594958942,0.03980656594958942,0.80613269641671,0.906969696969697,0.9515536251252924,0.013513394886340412
siglip2_b16_384,384,17,CLIP zero-shot,0.02,2.348580033338351,0.7524928427365811,0.7839846189837093,0.324947961624787,0.3060153116683117,0.8984848484848484,0.9143338954468803,0.048430636081381775
siglip2_b16_384,384,17,Full kNN,1.0,0.35758902917307667,0.35758902917307667,0.011950978386985587,0.011950978386985587,0.8185022265047955,0.9054545454545454,0.9886211512717537,0.010821963554657778
siglip2_b16_384,384,17,Linear probe,1.0,0.11041394655416507,0.11041394655416507,0.011819357118448323,0.011819357118448323,0.8720905016784811,0.896969696969697,0.9949324324324325,0.0019480554311093043
siglip2_b16_384,384,17,Random memory fused,0.2,1.1280094965730447,0.24317617004343556,0.5824647122431768,0.02478025069730315,0.8223384435686114,0.899090909090909,0.967644084934277,0.009563935349663627
siglip2_b16_384,384,17,Centroid fused,0.15,1.416974793267616,0.3261543507055099,0.6342360834663398,0.030246640536126954,0.7043591668604874,0.9015151515151515,0.9408403361344538,0.017738389590584318
siglip2_b16_384,384,17,KMeans medoids fused,0.2,1.059643939901231,0.19013425252393343,0.5839519208407127,0.023937258910133374,0.9287827765053659,0.9066666666666666,0.9806149732620321,0.005982449936692834
siglip2_b16_384,384,17,Facility selection (no reliability) fused,0.5,0.39253986204435726,0.17552415883440745,0.22182915698287586,0.01193999895208872,0.8097326601026028,0.9084848484848485,0.9803202134756505,0.005403481349761299
siglip2_b16_384,384,17,EvidenceMem v2 selection fused,0.2,1.0423391653341887,0.2640201852710615,0.5688855659902152,0.03989836497598906,0.9752430187942993,0.8921212121212121,0.9769021739130435,0.008955094686629236
siglip2_b16_384,384,17,EvidenceMem v4 global fusion,0.5,0.6673271834443252,0.20638436553372505,0.4036566822775442,0.05406815538625297,0.7276508928675094,0.906969696969697,0.9792849983294354,0.005368560490039479
siglip2_b16_384,384,17,EvidenceMem v4 class-conditional visual,0.2,0.7053865016454843,0.17097996994184145,0.40718635909842266,0.018851270478754584,0.8886380900721689,0.9015151515151515,0.9818487394957983,0.004546719400940459
siglip2_b16_384,384,17,EvidenceMem v4 fixed fusion,0.2,0.7053865016454843,0.17097996994184145,0.40718635909842266,0.018851270478754584,0.8886380900721689,0.9015151515151515,0.9818487394957983,0.004546719400940459
siglip2_b16_384,384,17,EvidenceMem v4 continuous fusion,0.2,0.7823748648155046,0.16854083550657903,0.4499108326821453,0.01946879003555905,0.8814651743380049,0.9012121212121212,0.9818426361802286,0.0045617831257683305
siglip2_b16_384,384,17,Tip-Adapter (matched cache),1.0,0.33155533428493955,0.33155533428493955,0.03982754659125739,0.03982754659125739,0.8188821774246154,0.8960606060606061,0.9523165370307745,0.014839519433552948
siglip2_b16_384,384,29,CLIP zero-shot,0.02,2.348580033338351,0.7524928427365811,0.7839846189837093,0.324947961624787,0.3060153116683117,0.8984848484848484,0.9143338954468803,0.048430636081381775
siglip2_b16_384,384,29,Full kNN,1.0,0.35758902917307667,0.35758902917307667,0.011950978386985587,0.011950978386985587,0.8185022265047955,0.9054545454545454,0.9886211512717537,0.010821963554657778
siglip2_b16_384,384,29,Linear probe,1.0,0.11041394655416507,0.11041394655416507,0.011819357118448323,0.011819357118448323,0.8720905016784811,0.896969696969697,0.9949324324324325,0.0019480554311093043
siglip2_b16_384,384,29,Random memory fused,0.5,0.6961768427440698,0.2806133187233343,0.3790799387056476,0.0389596227270146,0.7208481065600739,0.8981818181818182,0.9659244264507423,0.011341701923382309
siglip2_b16_384,384,29,Centroid fused,0.15,1.416974793267616,0.3261543507055099,0.6342360834663398,0.030246640536126954,0.7043591668604874,0.9015151515151515,0.9408403361344538,0.017738389590584318
siglip2_b16_384,384,29,KMeans medoids fused,0.2,1.04741078833114,0.20976453215765464,0.5792432981758128,0.030531032815821847,0.9558038882778882,0.8975757575757576,0.9814314652261985,0.0072909182872123186
siglip2_b16_384,384,29,Facility selection (no reliability) fused,0.5,0.39431179189547877,0.17513381432606873,0.22356130416788808,0.012488406890763302,0.8085855057403802,0.9081818181818182,0.9813146479813146,0.005423558609831421
siglip2_b16_384,384,29,EvidenceMem v2 selection fused,0.2,1.0612756884269372,0.2288662295016626,0.5767424249266366,0.03287133775658563,0.941296840976327,0.9024242424242425,0.9758226997985225,0.007110966106149351
siglip2_b16_384,384,29,EvidenceMem v4 global fusion,0.5,0.6678883897454384,0.21013759574531857,0.4022066119136862,0.0499339042074325,0.7424413310937974,0.9042424242424243,0.9812332439678284,0.0055873503367896
siglip2_b16_384,384,29,EvidenceMem v4 class-conditional visual,0.2,0.6482533812686281,0.18409122664670002,0.37265801532840476,0.020414824903387613,0.9060986622130023,0.9045454545454545,0.9822445561139028,0.004904050652574477
siglip2_b16_384,384,29,EvidenceMem v4 fixed fusion,0.2,0.6482533812686281,0.18409122664670002,0.37265801532840476,0.020414824903387613,0.9060986622130023,0.9045454545454545,0.9822445561139028,0.004904050652574477
siglip2_b16_384,384,29,EvidenceMem v4 continuous fusion,0.2,0.6482533812686281,0.18409122664670002,0.37265801532840476,0.020414824903387613,0.9060986622130023,0.9045454545454545,0.9822445561139028,0.004904050652574477
siglip2_b16_384,384,29,Tip-Adapter (matched cache),1.0,0.30883477902655554,0.30883477902655554,0.04263872050993946,0.04263872050993946,0.8264731933481773,0.896969696969697,0.956081081081081,0.013340445720758862
siglip2_b16_384,384,43,CLIP zero-shot,0.02,2.348580033338351,0.7524928427365811,0.7839846189837093,0.324947961624787,0.3060153116683117,0.8984848484848484,0.9143338954468803,0.048430636081381775
siglip2_b16_384,384,43,Full kNN,1.0,0.35758902917307667,0.35758902917307667,0.011950978386985587,0.011950978386985587,0.8185022265047955,0.9054545454545454,0.9886211512717537,0.010821963554657778
siglip2_b16_384,384,43,Linear probe,1.0,0.11041394655416507,0.11041394655416507,0.011819357118448323,0.011819357118448323,0.8720905016784811,0.896969696969697,0.9949324324324325,0.0019480554311093043
siglip2_b16_384,384,43,Random memory fused,0.2,1.0901202983650213,0.24277943660831125,0.5764307965913068,0.03012714594346703,0.8832959328854498,0.9024242424242425,0.9697783747481531,0.008969459262564414
siglip2_b16_384,384,43,Centroid fused,0.15,1.416974793267616,0.3261543507055099,0.6342360834663398,0.030246640536126954,0.7043591668604874,0.9015151515151515,0.9408403361344538,0.017738389590584318
siglip2_b16_384,384,43,KMeans medoids fused,0.2,1.0629210027013196,0.1888568968788262,0.5836439403384194,0.024498377270642545,0.9230900283237938,0.9054545454545454,0.9795850066934404,0.006314288286388911
siglip2_b16_384,384,43,Facility selection (no reliability) fused,0.2,1.0609348710765154,0.17334103506576812,0.5874642026575064,0.020426844511450805,0.9174141079880911,0.9096969696969697,0.980346435709527,0.005223538897504717
siglip2_b16_384,384,43,EvidenceMem v2 selection fused,0.2,1.050056727661227,0.2605468637019689,0.5696419211411671,0.03918201042789512,0.9657708747932889,0.9036363636363637,0.9738430583501007,0.008927751012216798
siglip2_b16_384,384,43,EvidenceMem v4 global fusion,0.5,0.6685153116800101,0.20636630789051447,0.40537784814723843,0.05337198769314705,0.7225495794740916,0.9078787878787878,0.9803070761014686,0.005190094032439584
siglip2_b16_384,384,43,EvidenceMem v4 class-conditional visual,0.2,0.6552665698080323,0.1737881087120294,0.3798181608037018,0.017029275993182633,0.8886483325131469,0.9057575757575758,0.9809300769488123,0.004636484281296953
siglip2_b16_384,384,43,EvidenceMem v4 fixed fusion,0.2,0.8292905492705038,0.16033119468858487,0.47921616800245365,0.01616042349013858,0.8624153657393017,0.9036363636363637,0.9818913480885312,0.004440025599104681
siglip2_b16_384,384,43,EvidenceMem v4 continuous fusion,0.2,0.8292905492705038,0.16033119468858487,0.47921616800245365,0.01616042349013858,0.8624153657393017,0.9036363636363637,0.9818913480885312,0.004440025599104681
siglip2_b16_384,384,43,Tip-Adapter (matched cache),1.0,0.31031827615714325,0.31031827615714325,0.04050911675528362,0.04050911675528362,0.8083214867117957,0.8978787878787878,0.9537630779615255,0.014496244853688762
siglip2_b16_384,384,61,CLIP zero-shot,0.02,2.348580033338351,0.7524928427365811,0.7839846189837093,0.324947961624787,0.3060153116683117,0.8984848484848484,0.9143338954468803,0.048430636081381775
siglip2_b16_384,384,61,Full kNN,1.0,0.35758902917307667,0.35758902917307667,0.011950978386985587,0.011950978386985587,0.8185022265047955,0.9054545454545454,0.9886211512717537,0.010821963554657778
siglip2_b16_384,384,61,Linear probe,1.0,0.11041394655416507,0.11041394655416507,0.011819357118448323,0.011819357118448323,0.8720905016784811,0.896969696969697,0.9949324324324325,0.0019480554311093043
siglip2_b16_384,384,61,Random memory fused,0.2,1.0804901651479228,0.2955806111787569,0.5615870526307443,0.04338095575798401,0.910360138418479,0.8984848484848484,0.9639123102866779,0.01070704805069967
siglip2_b16_384,384,61,Centroid fused,0.15,1.416974793267616,0.3261543507055099,0.6342360834663398,0.030246640536126954,0.7043591668604874,0.9015151515151515,0.9408403361344538,0.017738389590584318
siglip2_b16_384,384,61,KMeans medoids fused,0.2,1.0657235970264762,0.184930654803773,0.5845757446262486,0.02278560336687386,0.8957817564435615,0.9127272727272727,0.9790836653386454,0.005617655622256031
siglip2_b16_384,384,61,Facility selection (no reliability) fused,1.0,0.46076957801479507,0.46076957801479507,0.024461946415192788,0.024461946415192788,0.7060603176039848,0.9066666666666666,0.9816176470588235,0.01740431854500765
siglip2_b16_384,384,61,EvidenceMem v2 selection fused,0.2,1.0484280589178354,0.2488392602083078,0.5723257775908811,0.03384848772516473,0.9659809635634405,0.9036363636363637,0.9755197853789404,0.008684816745388986
siglip2_b16_384,384,61,EvidenceMem v4 global fusion,1.0,0.4607514234253584,0.4607514234253584,0.024461898096907013,0.024461898096907013,0.7073940740531434,0.9054545454545454,0.9819277108433735,0.017409560345115347
siglip2_b16_384,384,61,EvidenceMem v4 class-conditional visual,0.2,0.6161991967361089,0.17912762701233195,0.3528814424820057,0.021581650550675475,0.9124922720217571,0.8987878787878788,0.9838165879973028,0.0045764286766740245
siglip2_b16_384,384,61,EvidenceMem v4 fixed fusion,0.2,0.6161991967361089,0.17912762701233195,0.3528814424820057,0.021581650550675475,0.9124922720217571,0.8987878787878788,0.9838165879973028,0.0045764286766740245
siglip2_b16_384,384,61,EvidenceMem v4 continuous fusion,0.2,0.6161991967361089,0.17912762701233195,0.3528814424820057,0.021581650550675475,0.9124922720217571,0.8987878787878788,0.9838165879973028,0.0045764286766740245
siglip2_b16_384,384,61,Tip-Adapter (matched cache),1.0,0.324873620465404,0.324873620465404,0.042110729639275674,0.042110729639275674,0.8337682854599766,0.8984848484848484,0.954468802698145,0.015372863311254186
