method,seed,encoder_key,resolution,evaluation_stage,evaluation_split,n,accuracy,balanced_accuracy,macro_f1,nll,brier,ece_15,ece_15_uncalibrated,nll_uncalibrated,aurc,temperature,confidence_threshold_90pct_validation_coverage,selective_coverage,selective_accuracy,stored_examples,budget_per_class,selected_alpha,selected_k,selected_class_k,selected_reliability_power,global_neighbor_label_precision_at_k,query_reliability_mean,text_weight_mean,inference_ms_per_query
CLIP zero-shot,7,siglip2_b16_384,384,confirmatory,confirmatory,3300,0.8796969696969696,0.8796969696969696,0.8769375934790692,0.7524928427365811,0.32103319356568544,0.324947961624787,0.7839846189837093,2.348580033338351,0.048430636081381775,0.02,0.3060153116683117,0.8984848484848484,0.9143338954468803,0,,,,,,,,,0.0
Full kNN,7,siglip2_b16_384,384,confirmatory,confirmatory,3300,0.9590909090909091,0.959090909090909,0.9588246483419222,0.35758902917307667,0.06287429833280521,0.011950978386985587,0.011950978386985587,0.35758902917307667,0.010821963554657778,1.0,0.8185022265047955,0.9054545454545454,0.9886211512717537,13200,,,10.0,,,,,,0.10257441060606322
Linear probe,7,siglip2_b16_384,384,confirmatory,confirmatory,3300,0.9666666666666667,0.9666666666666668,0.966588928283148,0.11041394655416507,0.05048357042902896,0.011819357118448323,0.011819357118448323,0.11041394655416507,0.0019480554311093043,1.0,0.8720905016784811,0.896969696969697,0.9949324324324325,0,,,,,,,,,0.0024213203030078807
Random memory fused,7,siglip2_b16_384,384,confirmatory,confirmatory,3300,0.9290909090909091,0.9290909090909092,0.9280375127498953,0.2577335021736741,0.11295156352023675,0.031494731391309684,0.5735371017539999,1.0940465055445017,0.00915494375289459,0.2,0.8817597246390346,0.8930303030303031,0.9674244994910078,440,40.0,0.75,10.0,,,0.8329696969696969,,,0.019187717575801577
Centroid fused,7,siglip2_b16_384,384,confirmatory,confirmatory,3300,0.8942424242424243,0.8942424242424242,0.8918249059675116,0.3261543507055099,0.15533567221637293,0.030246640536126954,0.6342360834663398,1.416974793267616,0.017738389590584318,0.15,0.7043591668604874,0.9015151515151515,0.9408403361344538,11,1.0,0.75,10.0,,,0.0999090909090909,,,0.014043767575706377
KMeans medoids fused,7,siglip2_b16_384,384,confirmatory,confirmatory,3300,0.9424242424242424,0.9424242424242425,0.9417560372102723,0.1884826722531443,0.085989746758533,0.025487710647907467,0.581345012924982,1.0638950118652923,0.0055307487234229685,0.2,0.9298725259475403,0.896969696969697,0.9824324324324324,440,40.0,0.75,10.0,,,0.857909090909091,,,0.01634228545457738
Facility selection (no reliability) fused,7,siglip2_b16_384,384,confirmatory,confirmatory,3300,0.9472727272727273,0.9472727272727274,0.9467559665168597,0.17713991796190626,0.08032662006743371,0.0240965491818386,0.5852656415740196,1.0589359516568855,0.004960258873312331,0.2,0.9204849065804879,0.9136363636363637,0.9830845771144279,440,40.0,0.75,10.0,,,0.8592121212121212,,,0.017685068181766506
EvidenceMem v2 selection fused,7,siglip2_b16_384,384,confirmatory,confirmatory,3300,0.9403030303030303,0.9403030303030303,0.9396610378321854,0.25512075133477663,0.10002870134606318,0.039896621401538476,0.5694897615418719,1.0486434327770038,0.008956180544962188,0.2,0.9638282894683285,0.9045454545454545,0.9752093802345059,440,40.0,0.75,5.0,,,0.9006060606060606,,,0.0192094930303304
EvidenceMem v4 global fusion,7,siglip2_b16_384,384,confirmatory,confirmatory,3300,0.9466666666666667,0.9466666666666668,0.9461191148608905,0.17933233658161832,0.08137510814772125,0.024081431979772715,0.5846856244631544,1.0594472147397693,0.0050387114910181805,0.2,0.9186146074096583,0.9151515151515152,0.9827814569536424,440,40.0,0.75,10.0,,,0.8592121212121212,,,0.020177290000033696
EvidenceMem v4 class-conditional visual,7,siglip2_b16_384,384,confirmatory,confirmatory,3300,0.9503030303030303,0.9503030303030301,0.9497655910875071,0.17353558591915716,0.07730621130913824,0.01844912997005925,0.37780728588899454,0.6522575905062065,0.0045917813298431125,0.2,0.9007229486114574,0.9045454545454545,0.9835845896147404,440,40.0,,,5.0,0.0,0.8592121212121212,0.8855618238449097,0.0,0.06048474090903255
EvidenceMem v4 fixed fusion,7,siglip2_b16_384,384,confirmatory,confirmatory,3300,0.9503030303030303,0.9503030303030303,0.9498111218755979,0.15968446780538864,0.0746342769505444,0.012942499264682814,0.4762694293262614,0.8265418332033275,0.004374936903694679,0.2,0.8713218174984928,0.9057575757575758,0.9842756774841084,440,40.0,,,5.0,0.0,0.8592121212121212,0.8855618238449097,0.25,0.06048474090903255
EvidenceMem v4 continuous fusion,7,siglip2_b16_384,384,confirmatory,confirmatory,3300,0.9503030303030303,0.9503030303030303,0.9498111218755979,0.15968446780538864,0.0746342769505444,0.012942499264682814,0.4762694293262614,0.8265418332033275,0.004374936903694679,0.2,0.8713218174984928,0.9057575757575758,0.9842756774841084,440,40.0,,,5.0,0.0,0.8592121212121212,0.8855618238449097,0.25,0.06048474090903255
Tip-Adapter (matched cache),7,siglip2_b16_384,384,confirmatory,confirmatory,3300,0.9166666666666666,0.9166666666666667,0.9141326504068449,0.31694684458373446,0.13212606620961537,0.03980656594958942,0.03980656594958942,0.31694684458373446,0.013513394886340412,1.0,0.80613269641671,0.906969696969697,0.9515536251252924,440,40.0,,,,,0.8329696969696969,,,0.006520338181761679
CLIP zero-shot,17,siglip2_b16_384,384,confirmatory,confirmatory,3300,0.8796969696969696,0.8796969696969696,0.8769375934790692,0.7524928427365811,0.32103319356568544,0.324947961624787,0.7839846189837093,2.348580033338351,0.048430636081381775,0.02,0.3060153116683117,0.8984848484848484,0.9143338954468803,0,,,,,,,,,0.0
Full kNN,17,siglip2_b16_384,384,confirmatory,confirmatory,3300,0.9590909090909091,0.959090909090909,0.9588246483419222,0.35758902917307667,0.06287429833280521,0.011950978386985587,0.011950978386985587,0.35758902917307667,0.010821963554657778,1.0,0.8185022265047955,0.9054545454545454,0.9886211512717537,13200,,,10.0,,,,,,0.10257441060606322
Linear probe,17,siglip2_b16_384,384,confirmatory,confirmatory,3300,0.9666666666666667,0.9666666666666668,0.966588928283148,0.11041394655416507,0.05048357042902896,0.011819357118448323,0.011819357118448323,0.11041394655416507,0.0019480554311093043,1.0,0.8720905016784811,0.896969696969697,0.9949324324324325,0,,,,,,,,,0.0024213203030078807
Random memory fused,17,siglip2_b16_384,384,confirmatory,confirmatory,3300,0.9257575757575758,0.9257575757575757,0.9243326304830554,0.24317617004343556,0.11277167861292123,0.02478025069730315,0.5824647122431768,1.1280094965730447,0.009563935349663627,0.2,0.8223384435686114,0.899090909090909,0.967644084934277,440,40.0,0.75,20.0,,,0.7660454545454546,,,0.02062670515153348
Centroid fused,17,siglip2_b16_384,384,confirmatory,confirmatory,3300,0.8942424242424243,0.8942424242424242,0.8918249059675116,0.3261543507055099,0.15533567221637293,0.030246640536126954,0.6342360834663398,1.416974793267616,0.017738389590584318,0.15,0.7043591668604874,0.9015151515151515,0.9408403361344538,11,1.0,0.75,10.0,,,0.0999090909090909,,,0.011178246363670041
KMeans medoids fused,17,siglip2_b16_384,384,confirmatory,confirmatory,3300,0.9466666666666667,0.9466666666666668,0.945808830489261,0.19013425252393343,0.08521467940969414,0.023937258910133374,0.5839519208407127,1.059643939901231,0.005982449936692834,0.2,0.9287827765053659,0.9066666666666666,0.9806149732620321,440,40.0,0.75,10.0,,,0.8620909090909091,,,0.019825030606102013
Facility selection (no reliability) fused,17,siglip2_b16_384,384,confirmatory,confirmatory,3300,0.9487878787878787,0.9487878787878788,0.9484546539427612,0.17552415883440745,0.07937717171415996,0.01193999895208872,0.22182915698287586,0.39253986204435726,0.005403481349761299,0.5,0.8097326601026028,0.9084848484848485,0.9803202134756505,440,40.0,0.25,10.0,,,0.8575757575757575,,,0.019608449696961266
EvidenceMem v2 selection fused,17,siglip2_b16_384,384,confirmatory,confirmatory,3300,0.9424242424242424,0.9424242424242425,0.9419557512516824,0.2640201852710615,0.09676740981797946,0.03989836497598906,0.5688855659902152,1.0423391653341887,0.008955094686629236,0.2,0.9752430187942993,0.8921212121212121,0.9769021739130435,440,40.0,0.75,3.0,,,0.9167676767676768,,,0.018489674545449045
EvidenceMem v4 global fusion,17,siglip2_b16_384,384,confirmatory,confirmatory,3300,0.9478787878787879,0.947878787878788,0.9475380425534946,0.20638436553372505,0.08141655154182748,0.05406815538625297,0.4036566822775442,0.6673271834443252,0.005368560490039479,0.5,0.7276508928675094,0.906969696969697,0.9792849983294354,440,40.0,0.5,10.0,,,0.8575757575757575,,,0.016569764848444527
EvidenceMem v4 class-conditional visual,17,siglip2_b16_384,384,confirmatory,confirmatory,3300,0.9490909090909091,0.9490909090909091,0.9486672064457943,0.17097996994184145,0.0790176211290296,0.018851270478754584,0.40718635909842266,0.7053865016454843,0.004546719400940459,0.2,0.8886380900721689,0.9015151515151515,0.9818487394957983,440,40.0,,,10.0,1.0,0.8575757575757575,0.5491535067558289,0.0,0.05820681333330647
EvidenceMem v4 fixed fusion,17,siglip2_b16_384,384,confirmatory,confirmatory,3300,0.9490909090909091,0.9490909090909091,0.9486672064457943,0.17097996994184145,0.0790176211290296,0.018851270478754584,0.40718635909842266,0.7053865016454843,0.004546719400940459,0.2,0.8886380900721689,0.9015151515151515,0.9818487394957983,440,40.0,,,10.0,1.0,0.8575757575757575,0.5491535067558289,0.0,0.05820681333330647
EvidenceMem v4 continuous fusion,17,siglip2_b16_384,384,confirmatory,confirmatory,3300,0.9493939393939393,0.9493939393939392,0.948983609159458,0.16854083550657903,0.078546183067497,0.01946879003555905,0.4499108326821453,0.7823748648155046,0.0045617831257683305,0.2,0.8814651743380049,0.9012121212121212,0.9818426361802286,440,40.0,,,10.0,1.0,0.8575757575757575,0.5491535067558289,0.09697988629341125,0.05820681333330647
Tip-Adapter (matched cache),17,siglip2_b16_384,384,confirmatory,confirmatory,3300,0.9157575757575758,0.9157575757575757,0.9137287831384207,0.33155533428493955,0.13605736862712348,0.03982754659125739,0.03982754659125739,0.33155533428493955,0.014839519433552948,1.0,0.8188821774246154,0.8960606060606061,0.9523165370307745,440,40.0,,,,,0.8242727272727273,,,0.006623800303039003
CLIP zero-shot,29,siglip2_b16_384,384,confirmatory,confirmatory,3300,0.8796969696969696,0.8796969696969696,0.8769375934790692,0.7524928427365811,0.32103319356568544,0.324947961624787,0.7839846189837093,2.348580033338351,0.048430636081381775,0.02,0.3060153116683117,0.8984848484848484,0.9143338954468803,0,,,,,,,,,0.0
Full kNN,29,siglip2_b16_384,384,confirmatory,confirmatory,3300,0.9590909090909091,0.959090909090909,0.9588246483419222,0.35758902917307667,0.06287429833280521,0.011950978386985587,0.011950978386985587,0.35758902917307667,0.010821963554657778,1.0,0.8185022265047955,0.9054545454545454,0.9886211512717537,13200,,,10.0,,,,,,0.10257441060606322
Linear probe,29,siglip2_b16_384,384,confirmatory,confirmatory,3300,0.9666666666666667,0.9666666666666668,0.966588928283148,0.11041394655416507,0.05048357042902896,0.011819357118448323,0.011819357118448323,0.11041394655416507,0.0019480554311093043,1.0,0.8720905016784811,0.896969696969697,0.9949324324324325,0,,,,,,,,,0.0024213203030078807
Random memory fused,29,siglip2_b16_384,384,confirmatory,confirmatory,3300,0.9272727272727272,0.9272727272727274,0.9267359827309275,0.2806133187233343,0.11561761811981705,0.0389596227270146,0.3790799387056476,0.6961768427440698,0.011341701923382309,0.5,0.7208481065600739,0.8981818181818182,0.9659244264507423,440,40.0,0.5,5.0,,,0.8684848484848485,,,0.019415220000003803
Centroid fused,29,siglip2_b16_384,384,confirmatory,confirmatory,3300,0.8942424242424243,0.8942424242424242,0.8918249059675116,0.3261543507055099,0.15533567221637293,0.030246640536126954,0.6342360834663398,1.416974793267616,0.017738389590584318,0.15,0.7043591668604874,0.9015151515151515,0.9408403361344538,11,1.0,0.75,10.0,,,0.0999090909090909,,,0.012761259393948532
KMeans medoids fused,29,siglip2_b16_384,384,confirmatory,confirmatory,3300,0.9472727272727273,0.9472727272727273,0.9468673818525727,0.20976453215765464,0.08766019131145095,0.030531032815821847,0.5792432981758128,1.04741078833114,0.0072909182872123186,0.2,0.9558038882778882,0.8975757575757576,0.9814314652261985,440,40.0,0.75,5.0,,,0.8965454545454545,,,0.01615447818184376
Facility selection (no reliability) fused,29,siglip2_b16_384,384,confirmatory,confirmatory,3300,0.9490909090909091,0.9490909090909092,0.9484843495176526,0.17513381432606873,0.07930981198031672,0.012488406890763302,0.22356130416788808,0.39431179189547877,0.005423558609831421,0.5,0.8085855057403802,0.9081818181818182,0.9813146479813146,440,40.0,0.25,10.0,,,0.8568484848484849,,,0.015895788787860732
EvidenceMem v2 selection fused,29,siglip2_b16_384,384,confirmatory,confirmatory,3300,0.9415151515151515,0.9415151515151514,0.9406714999086723,0.2288662295016626,0.09662316478351175,0.03287133775658563,0.5767424249266366,1.0612756884269372,0.007110966106149351,0.2,0.941296840976327,0.9024242424242425,0.9758226997985225,440,40.0,0.75,10.0,,,0.8693333333333333,,,0.020612052727287708
EvidenceMem v4 global fusion,29,siglip2_b16_384,384,confirmatory,confirmatory,3300,0.9475757575757576,0.9475757575757576,0.9469025016945852,0.21013759574531857,0.083784908826377,0.0499339042074325,0.4022066119136862,0.6678883897454384,0.0055873503367896,0.5,0.7424413310937974,0.9042424242424243,0.9812332439678284,440,40.0,0.5,10.0,,,0.8568484848484849,,,0.01703942818184342
EvidenceMem v4 class-conditional visual,29,siglip2_b16_384,384,confirmatory,confirmatory,3300,0.9481818181818182,0.9481818181818183,0.9475939857849365,0.18409122664670002,0.07999355379384016,0.020414824903387613,0.37265801532840476,0.6482533812686281,0.004904050652574477,0.2,0.9060986622130023,0.9045454545454545,0.9822445561139028,440,40.0,,,5.0,0.5,0.8568484848484849,0.8358170390129089,0.0,0.06083363575760703
EvidenceMem v4 fixed fusion,29,siglip2_b16_384,384,confirmatory,confirmatory,3300,0.9481818181818182,0.9481818181818183,0.9475939857849365,0.18409122664670002,0.07999355379384016,0.020414824903387613,0.37265801532840476,0.6482533812686281,0.004904050652574477,0.2,0.9060986622130023,0.9045454545454545,0.9822445561139028,440,40.0,,,5.0,0.5,0.8568484848484849,0.8358170390129089,0.0,0.06083363575760703
EvidenceMem v4 continuous fusion,29,siglip2_b16_384,384,confirmatory,confirmatory,3300,0.9481818181818182,0.9481818181818183,0.9475939857849365,0.18409122664670002,0.07999355379384016,0.020414824903387613,0.37265801532840476,0.6482533812686281,0.004904050652574477,0.2,0.9060986622130023,0.9045454545454545,0.9822445561139028,440,40.0,,,5.0,0.5,0.8568484848484849,0.8358170390129089,0.0,0.06083363575760703
Tip-Adapter (matched cache),29,siglip2_b16_384,384,confirmatory,confirmatory,3300,0.9163636363636364,0.9163636363636364,0.9145452839865565,0.30883477902655554,0.13239793985747048,0.04263872050993946,0.04263872050993946,0.30883477902655554,0.013340445720758862,1.0,0.8264731933481773,0.896969696969697,0.956081081081081,440,40.0,,,,,0.8350606060606061,,,0.006676634848466192
CLIP zero-shot,43,siglip2_b16_384,384,confirmatory,confirmatory,3300,0.8796969696969696,0.8796969696969696,0.8769375934790692,0.7524928427365811,0.32103319356568544,0.324947961624787,0.7839846189837093,2.348580033338351,0.048430636081381775,0.02,0.3060153116683117,0.8984848484848484,0.9143338954468803,0,,,,,,,,,0.0
Full kNN,43,siglip2_b16_384,384,confirmatory,confirmatory,3300,0.9590909090909091,0.959090909090909,0.9588246483419222,0.35758902917307667,0.06287429833280521,0.011950978386985587,0.011950978386985587,0.35758902917307667,0.010821963554657778,1.0,0.8185022265047955,0.9054545454545454,0.9886211512717537,13200,,,10.0,,,,,,0.10257441060606322
Linear probe,43,siglip2_b16_384,384,confirmatory,confirmatory,3300,0.9666666666666667,0.9666666666666668,0.966588928283148,0.11041394655416507,0.05048357042902896,0.011819357118448323,0.011819357118448323,0.11041394655416507,0.0019480554311093043,1.0,0.8720905016784811,0.896969696969697,0.9949324324324325,0,,,,,,,,,0.0024213203030078807
Random memory fused,43,siglip2_b16_384,384,confirmatory,confirmatory,3300,0.9324242424242424,0.9324242424242424,0.931307942145359,0.24277943660831125,0.1074812719190353,0.03012714594346703,0.5764307965913068,1.0901202983650213,0.008969459262564414,0.2,0.8832959328854498,0.9024242424242425,0.9697783747481531,440,40.0,0.75,10.0,,,0.8303636363636364,,,0.022296715151517703
Centroid fused,43,siglip2_b16_384,384,confirmatory,confirmatory,3300,0.8942424242424243,0.8942424242424242,0.8918249059675116,0.3261543507055099,0.15533567221637293,0.030246640536126954,0.6342360834663398,1.416974793267616,0.017738389590584318,0.15,0.7043591668604874,0.9015151515151515,0.9408403361344538,11,1.0,0.75,10.0,,,0.0999090909090909,,,0.012684096060514672
KMeans medoids fused,43,siglip2_b16_384,384,confirmatory,confirmatory,3300,0.9451515151515152,0.9451515151515152,0.9445873448163806,0.1888568968788262,0.08396484551334388,0.024498377270642545,0.5836439403384194,1.0629210027013196,0.006314288286388911,0.2,0.9230900283237938,0.9054545454545454,0.9795850066934404,440,40.0,0.75,10.0,,,0.8587878787878788,,,0.02161096666675417
Facility selection (no reliability) fused,43,siglip2_b16_384,384,confirmatory,confirmatory,3300,0.9484848484848485,0.9484848484848485,0.9478910954818052,0.17334103506576812,0.07902390462483552,0.020426844511450805,0.5874642026575064,1.0609348710765154,0.005223538897504717,0.2,0.9174141079880911,0.9096969696969697,0.980346435709527,440,40.0,0.75,10.0,,,0.8557272727272728,,,0.018878626969622433
EvidenceMem v2 selection fused,43,siglip2_b16_384,384,confirmatory,confirmatory,3300,0.9403030303030303,0.9403030303030305,0.9394221336907045,0.2605468637019689,0.10246360278739228,0.03918201042789512,0.5696419211411671,1.050056727661227,0.008927751012216798,0.2,0.9657708747932889,0.9036363636363637,0.9738430583501007,440,40.0,0.75,5.0,,,0.900060606060606,,,0.0234491484847736
EvidenceMem v4 global fusion,43,siglip2_b16_384,384,confirmatory,confirmatory,3300,0.9487878787878787,0.9487878787878788,0.9481704139790869,0.20636630789051447,0.08137068081714573,0.05337198769314705,0.40537784814723843,0.6685153116800101,0.005190094032439584,0.5,0.7225495794740916,0.9078787878787878,0.9803070761014686,440,40.0,0.5,10.0,,,0.8557272727272728,,,0.01989292878781932
EvidenceMem v4 class-conditional visual,43,siglip2_b16_384,384,confirmatory,confirmatory,3300,0.9509090909090909,0.950909090909091,0.9503475473773508,0.1737881087120294,0.07748642862856278,0.017029275993182633,0.3798181608037018,0.6552665698080323,0.004636484281296953,0.2,0.8886483325131469,0.9057575757575758,0.9809300769488123,440,40.0,,,5.0,0.5,0.8557272727272728,0.8844338059425354,0.0,0.060216335454600936
EvidenceMem v4 fixed fusion,43,siglip2_b16_384,384,confirmatory,confirmatory,3300,0.9521212121212121,0.952121212121212,0.9515456581600944,0.16033119468858487,0.07509134422965986,0.01616042349013858,0.47921616800245365,0.8292905492705038,0.004440025599104681,0.2,0.8624153657393017,0.9036363636363637,0.9818913480885312,440,40.0,,,5.0,0.5,0.8557272727272728,0.8844338059425354,0.25,0.060216335454600936
EvidenceMem v4 continuous fusion,43,siglip2_b16_384,384,confirmatory,confirmatory,3300,0.9521212121212121,0.952121212121212,0.9515456581600944,0.16033119468858487,0.07509134422965986,0.01616042349013858,0.47921616800245365,0.8292905492705038,0.004440025599104681,0.2,0.8624153657393017,0.9036363636363637,0.9818913480885312,440,40.0,,,5.0,0.5,0.8557272727272728,0.8844338059425354,0.25,0.060216335454600936
Tip-Adapter (matched cache),43,siglip2_b16_384,384,confirmatory,confirmatory,3300,0.916060606060606,0.916060606060606,0.9139213431075768,0.31031827615714325,0.13197802829542732,0.04050911675528362,0.04050911675528362,0.31031827615714325,0.014496244853688762,1.0,0.8083214867117957,0.8978787878787878,0.9537630779615255,440,40.0,,,,,0.8303636363636364,,,0.006803812121192591
CLIP zero-shot,61,siglip2_b16_384,384,confirmatory,confirmatory,3300,0.8796969696969696,0.8796969696969696,0.8769375934790692,0.7524928427365811,0.32103319356568544,0.324947961624787,0.7839846189837093,2.348580033338351,0.048430636081381775,0.02,0.3060153116683117,0.8984848484848484,0.9143338954468803,0,,,,,,,,,0.0
Full kNN,61,siglip2_b16_384,384,confirmatory,confirmatory,3300,0.9590909090909091,0.959090909090909,0.9588246483419222,0.35758902917307667,0.06287429833280521,0.011950978386985587,0.011950978386985587,0.35758902917307667,0.010821963554657778,1.0,0.8185022265047955,0.9054545454545454,0.9886211512717537,13200,,,10.0,,,,,,0.10257441060606322
Linear probe,61,siglip2_b16_384,384,confirmatory,confirmatory,3300,0.9666666666666667,0.9666666666666668,0.966588928283148,0.11041394655416507,0.05048357042902896,0.011819357118448323,0.011819357118448323,0.11041394655416507,0.0019480554311093043,1.0,0.8720905016784811,0.896969696969697,0.9949324324324325,0,,,,,,,,,0.0024213203030078807
Random memory fused,61,siglip2_b16_384,384,confirmatory,confirmatory,3300,0.923939393939394,0.9239393939393938,0.9232143333018744,0.2955806111787569,0.12483239709475634,0.04338095575798401,0.5615870526307443,1.0804901651479228,0.01070704805069967,0.2,0.910360138418479,0.8984848484848484,0.9639123102866779,440,40.0,0.75,5.0,,,0.8643636363636363,,,0.022914943636378943
Centroid fused,61,siglip2_b16_384,384,confirmatory,confirmatory,3300,0.8942424242424243,0.8942424242424242,0.8918249059675116,0.3261543507055099,0.15533567221637293,0.030246640536126954,0.6342360834663398,1.416974793267616,0.017738389590584318,0.15,0.7043591668604874,0.9015151515151515,0.9408403361344538,11,1.0,0.75,10.0,,,0.0999090909090909,,,0.01634315727270322
KMeans medoids fused,61,siglip2_b16_384,384,confirmatory,confirmatory,3300,0.9448484848484848,0.9448484848484849,0.9441673663582351,0.184930654803773,0.08426333855764197,0.02278560336687386,0.5845757446262486,1.0657235970264762,0.005617655622256031,0.2,0.8957817564435615,0.9127272727272727,0.9790836653386454,440,40.0,0.75,10.0,,,0.8543939393939394,,,0.01744401121220907
Facility selection (no reliability) fused,61,siglip2_b16_384,384,confirmatory,confirmatory,3300,0.9466666666666667,0.9466666666666668,0.9463131500338524,0.46076957801479507,0.08343459313555578,0.024461946415192788,0.024461946415192788,0.46076957801479507,0.01740431854500765,1.0,0.7060603176039848,0.9066666666666666,0.9816176470588235,440,40.0,0.0,5.0,,,0.8933939393939394,,,0.017979088787879762
EvidenceMem v2 selection fused,61,siglip2_b16_384,384,confirmatory,confirmatory,3300,0.9427272727272727,0.9427272727272729,0.9422379080378427,0.2488392602083078,0.09602317928824329,0.03384848772516473,0.5723257775908811,1.0484280589178354,0.008684816745388986,0.2,0.9659809635634405,0.9036363636363637,0.9755197853789404,440,40.0,0.75,5.0,,,0.9009090909090909,,,0.019909858484893586
EvidenceMem v4 global fusion,61,siglip2_b16_384,384,confirmatory,confirmatory,3300,0.9463636363636364,0.9463636363636364,0.9459909007060682,0.4607514234253584,0.08340646500221592,0.024461898096907013,0.024461898096907013,0.4607514234253584,0.017409560345115347,1.0,0.7073940740531434,0.9054545454545454,0.9819277108433735,440,40.0,0.0,5.0,,,0.8933939393939394,,,0.02014457030313541
EvidenceMem v4 class-conditional visual,61,siglip2_b16_384,384,confirmatory,confirmatory,3300,0.9463636363636364,0.9463636363636364,0.9459492045193667,0.17912762701233195,0.07910640283446048,0.021581650550675475,0.3528814424820057,0.6161991967361089,0.0045764286766740245,0.2,0.9124922720217571,0.8987878787878788,0.9838165879973028,440,40.0,,,3.0,2.0,0.8933939393939394,0.5484704375267029,0.0,0.061784999090901474
EvidenceMem v4 fixed fusion,61,siglip2_b16_384,384,confirmatory,confirmatory,3300,0.9463636363636364,0.9463636363636364,0.9459492045193667,0.17912762701233195,0.07910640283446048,0.021581650550675475,0.3528814424820057,0.6161991967361089,0.0045764286766740245,0.2,0.9124922720217571,0.8987878787878788,0.9838165879973028,440,40.0,,,3.0,2.0,0.8933939393939394,0.5484704375267029,0.0,0.061784999090901474
EvidenceMem v4 continuous fusion,61,siglip2_b16_384,384,confirmatory,confirmatory,3300,0.9463636363636364,0.9463636363636364,0.9459492045193667,0.17912762701233195,0.07910640283446048,0.021581650550675475,0.3528814424820057,0.6161991967361089,0.0045764286766740245,0.2,0.9124922720217571,0.8987878787878788,0.9838165879973028,440,40.0,,,3.0,2.0,0.8933939393939394,0.5484704375267029,0.0,0.061784999090901474
Tip-Adapter (matched cache),61,siglip2_b16_384,384,confirmatory,confirmatory,3300,0.9139393939393939,0.9139393939393939,0.9125496615432211,0.324873620465404,0.13260099212419713,0.042110729639275674,0.042110729639275674,0.324873620465404,0.015372863311254186,1.0,0.8337682854599766,0.8984848484848484,0.954468802698145,440,40.0,,,,,0.8294545454545454,,,0.006570230000100061
